family,product-type,steel,carbon,hardness,temper_rolling,condition,formability,strength,non-ageing,surface-finish,surface-quality,enamelability,bc,bf,bt,bw/me,bl,chrom,phos,cbond,exptl,ferro,blue/bright/varn/clean,lustre,shape,thick,width,len,oil,bore,packing,class
,C,A,8.0,0.0,,S,2.22524271845,0.0,,,G,1.6,,,,,,,,,,,,,COIL,0.7,610.0,0.0,,0,2.85714285714,3
,C,R,0.0,0.0,,S,2.0,0.0,,,E,1.6,,,,,,,,,,,,Y,COIL,3.2,610.0,0.0,,0,2.85714285714,3
,C,R,0.0,0.0,,S,2.0,0.0,,,E,1.6,,Y,,B,,,,,,,,,SHEET,0.7,1300.0,762.0,,0,2.85714285714,3
,C,A,0.0,60.0,T,,2.22524271845,0.0,,,G,1.6,,,,B,Y,,,Y,,,,,SHEET,0.801,255.0,269.0,,0,2.85714285714,3
,C,A,0.0,45.0,,S,2.22524271845,0.0,,,D,1.6,,,,,,,,,,,,,COIL,1.6,610.0,0.0,,0,2.85714285714,3
,C,R,0.0,0.0,,S,2.0,0.0,,,E,1.6,,,,,Y,,,,,,,,SHEET,0.699,610.0,4880.0,Y,0,2.85714285714,3
,C,A,0.0,0.0,,S,2.0,0.0,,,E,1.6,,,,,,,,,,,,Y,COIL,3.3,152.0,0.0,,0,2.85714285714,3
,C,R,0.0,0.0,,S,2.0,0.0,,,E,1.6,,,,,,,,,,,,Y,COIL,0.699,1320.0,0.0,,0,2.85714285714,3
,C,A,0.0,0.0,,S,3.0,0.0,N,,E,1.6,,,,,,,,,,,,,SHEET,1.0,1320.0,762.0,,0,2.85714285714,3
,C,R,0.0,0.0,,S,2.0,0.0,,,E,1.6,,,,,,,,,,,,,COIL,1.2,610.0,0.0,,0,2.85714285714,3
,C,R,0.0,0.0,,S,2.0,0.0,,,E,1.6,,,,,Y,,,,,,,,SHEET,0.3,1320.0,4880.0,Y,0,2.85714285714,3
,C,R,0.0,0.0,,S,2.0,0.0,,,E,1.6,,,,B,Y,,,Y,,,,,SHEET,1.2,610.0,150.0,,0,2.85714285714,3
,C,A,0.0,45.0,,S,2.22524271845,0.0,,,D,1.6,,,,,,,,,,,,,COIL,1.2,609.9,0.0,,0,2.85714285714,3
,C,A,0.0,0.0,,S,2.0,0.0,,,F,1.6,,Y,,,,,,,,,,,SHEET,0.6,1220.0,761.0,,0,2.85714285714,3
,C,A,0.0,0.0,,S,2.0,0.0,,,E,1.6,,,,,,,,,,,,,SHEET,4.0,1320.0,762.0,,0,2.85714285714,3
,C,A,10.0,0.0,,,2.22524271845,0.0,,,E,1.6,,,,,,,,,,,,,COIL,3.201,600.0,0.0,,0,2.85714285714,U
,C,A,0.0,80.0,T,,2.22524271845,0.0,,,G,1.6,,,,,,,,,,,,,SHEET,0.8,610.0,4170.0,Y,0,2.85714285714,U
,C,A,0.0,70.0,T,,2.22524271845,0.0,,,G,1.6,,,,,,,,,,,,,COIL,0.501,1200.1,0.0,,0,2.85714285714,3
,C,A,0.0,0.0,,S,2.0,0.0,,,F,1.6,,Y,,,Y,,,,,,,,SHEET,0.6,610.0,761.0,,0,2.85714285714,3
,C,K,55.0,0.0,,,2.22524271845,0.0,,,,1.6,,,,,,,,,,,,,COIL,0.8,610.0,0.0,,0,2.85714285714,3
,C,A,0.0,85.0,T,,2.22524271845,0.0,,,G,1.6,,,,,,,,,,,,,COIL,1.001,50.0,0.0,,0,2.85714285714,U
,C,S,70.0,0.0,,,2.22524271845,0.0,,,,1.6,,,,,,,,,,,,,COIL,3.2,609.9,0.0,,0,2.85714285714,3
,C,A,3.0,0.0,T,,2.22524271845,0.0,,,,1.6,,Y,,,,,,,,,,,COIL,0.5,610.0,0.0,,0,2.85714285714,1
,C,,0.0,50.0,T,,2.22524271845,0.0,,,G,1.6,,,Y,,,,,,,,,,COIL,3.2,1320.0,0.0,,0,2.85714285714,3
,C,A,0.0,60.0,T,,2.22524271845,0.0,,,G,1.6,,,,B,Y,,,Y,,,,,SHEET,0.8,356.0,4880.0,,0,2.85714285714,3
,C,K,55.0,0.0,,,2.22524271845,0.0,,,,1.6,,,,,,,,,,,,,COIL,0.8,900.0,0.0,,0,2.85714285714,3
,C,W,0.0,0.0,,,2.22524271845,310.0,,,G,1.6,,,,,,,,,,,,,COIL,1.6,610.0,0.0,,500,2.85714285714,3
TN,C,A,0.0,0.0,,,3.0,0.0,N,,,1.6,,,,B,,,,,,Y,,,SHEET,0.6,610.0,4880.0,,0,2.85714285714,5
,C,,0.0,45.0,,S,2.22524271845,0.0,,,E,1.6,,,,,,,,Y,,,,,SHEET,1.4,1320.0,4170.0,,0,2.85714285714,3
,C,A,0.0,45.0,,S,2.22524271845,0.0,,,D,1.6,,,,B,,,,,,,,,SHEET,0.699,1320.0,762.0,,0,2.85714285714,3
,C,A,0.0,85.0,T,,2.22524271845,0.0,,,G,1.6,,,,,,,,,,,,,COIL,4.0,450.0,0.0,,0,2.85714285714,U
,C,A,0.0,0.0,,S,3.0,0.0,N,,F,1.6,,,,,,,,,,,,,SHEET,0.75,1320.0,4880.0,,0,2.85714285714,3
TN,C,A,0.0,0.0,,,3.0,0.0,N,,,1.6,,,,B,,,,,,,,,COIL,1.6,1220.0,0.0,,0,2.85714285714,5
,C,M,0.0,0.0,,,2.22524271845,350.0,,,G,1.6,,,Y,,,,,,,,,,COIL,1.399,1320.0,0.0,,0,2.85714285714,3
,C,A,0.0,50.0,T,,2.22524271845,0.0,,,G,1.6,,,Y,,,,,,,,,,COIL,0.6,1320.0,0.0,,0,2.85714285714,3
,C,R,0.0,0.0,,S,2.0,0.0,,,E,1.6,,,,,,,,,,,,,COIL,0.651,20.0,0.0,,0,2.85714285714,3
,C,R,0.0,0.0,,S,2.0,0.0,,,E,1.6,,,,,,,,,,,,,SHEET,1.6,374.9,4880.0,,0,2.85714285714,3
ZS,C,A,0.0,0.0,,S,3.0,0.0,N,,E,1.6,,,,,,,,,,,,,COIL,1.6,50.0,0.0,,0,2.85714285714,3
,C,R,0.0,0.0,,S,2.0,0.0,,,E,1.6,,Y,,,Y,,,,,,,,SHEET,0.699,1320.0,4880.0,Y,0,2.85714285714,3
ZS,C,A,0.0,50.0,T,,2.22524271845,0.0,,,E,1.6,,,,,,,,,,,,,COIL,0.7,610.0,0.0,,0,2.85714285714,3
,C,R,0.0,0.0,,S,3.0,0.0,,,E,1.6,,,,,,,,,,,,,SHEET,0.6,610.0,762.0,,0,2.85714285714,3
,C,A,0.0,0.0,,S,2.0,0.0,,,F,1.6,,Y,,,,,,,,,,,SHEET,0.6,610.0,301.0,,0,2.85714285714,3
,C,R,0.0,0.0,,S,3.0,0.0,,,E,1.6,,,,,,,,,,,,,SHEET,0.601,610.0,4880.0,,0,2.85714285714,3
,C,A,0.0,45.0,,S,2.22524271845,0.0,,,D,1.6,,,,,Y,,,,,,,,SHEET,0.7,1320.0,4880.0,,0,2.85714285714,3
,C,W,0.0,0.0,,,2.22524271845,310.0,,,G,1.6,,,,B,,,,,,,,,COIL,2.5,1274.9,0.0,,500,2.85714285714,3
,C,A,0.0,0.0,,S,2.0,0.0,,,G,1.6,,,,,,,,,,,,,SHEET,0.699,1320.0,4880.0,N,0,2.85714285714,3
,C,A,0.0,0.0,,S,2.0,0.0,,,E,1.6,,,,B,Y,,,,,,,,SHEET,0.7,609.9,762.0,,0,2.85714285714,3
,C,,0.0,0.0,,S,1.0,0.0,,,G,1.6,,,,,,,,,,,,,SHEET,0.3,1320.0,761.0,,0,2.85714285714,3
,C,R,0.0,0.0,,S,2.0,0.0,,,E,1.6,,,,B,Y,,,,,,,,SHEET,1.599,1300.0,762.0,,0,2.85714285714,3
,C,A,0.0,45.0,,S,2.22524271845,0.0,,,D,1.6,,,,,,,,,,,,,SHEET,0.599,150.0,4880.0,,0,2.85714285714,3
,C,A,0.0,0.0,,S,2.0,0.0,,,E,1.6,,,Y,,,,,,,,,,COIL,0.7,1320.0,0.0,,0,2.85714285714,3
,C,R,0.0,0.0,,S,2.0,0.0,,,E,1.6,,,,,,,,,,,,,SHEET,0.7,374.9,4880.0,,0,2.85714285714,3
,C,,0.0,0.0,,A,2.0,0.0,,,G,1.6,,,,,,,,,,,,,SHEET,0.301,610.0,762.0,Y,0,2.85714285714,3
ZS,C,A,0.0,0.0,,S,5.0,0.0,N,,E,1.6,,,,,,,,,,,,,SHEET,1.2,610.0,762.0,,0,2.85714285714,3
ZS,C,A,0.0,0.0,,S,5.0,0.0,N,,E,1.6,,,,,,,,,,,,,SHEET,1.2,610.0,4880.0,,0,2.85714285714,3
,C,A,0.0,0.0,,S,3.0,0.0,N,,F,1.6,,,,B,Y,,,Y,,,,,SHEET,0.6,1220.0,762.0,,0,2.85714285714,3
,C,A,0.0,45.0,,S,2.22524271845,0.0,,,D,1.6,,,,,,,,,,,,,COIL,0.301,610.0,0.0,,0,2.85714285714,3
,C,R,0.0,0.0,,S,2.0,0.0,,,E,1.6,,,,B,,,,,,,,,SHEET,1.6,500.0,762.0,,0,2.85714285714,3
,C,R,0.0,0.0,,S,3.0,0.0,,,,1.6,,,,,,,,,,,,,SHEET,0.8,1320.0,762.0,,0,2.85714285714,2
TN,C,A,0.0,0.0,,,3.0,0.0,N,,,1.6,,,,,,C,,,,,,,COIL,0.6,250.0,0.0,,0,2.85714285714,5
,C,A,0.0,70.0,T,,2.22524271845,0.0,,,G,1.6,,,,,,,,,,,,,COIL,0.801,610.0,0.0,,600,2.85714285714,3
,C,,0.0,0.0,,S,1.0,0.0,,,G,1.6,,,,,,,,,,,,,SHEET,0.699,610.0,762.0,Y,0,2.85714285714,3
,C,A,4.0,0.0,T,,2.22524271845,0.0,,,G,1.6,,,,,,,,,,,,,COIL,0.5,1130.0,0.0,,0,2.85714285714,3
,C,R,0.0,0.0,,S,3.0,0.0,,,E,1.6,,,,,,,,,,,,,SHEET,0.6,609.0,612.0,,0,2.85714285714,3
,C,,0.0,0.0,,,2.22524271845,500.0,,P,,1.6,,,,,,,,,,,,,SHEET,1.6,609.9,4880.0,,0,2.85714285714,2
,C,A,0.0,0.0,,S,3.0,0.0,N,,G,1.6,,,,,,,,,,,,,COIL,0.601,1320.0,0.0,,0,2.85714285714,3
ZS,C,A,0.0,70.0,T,,2.22524271845,0.0,,,E,1.6,,,,,,,,,,,,,COIL,2.0,1250.0,0.0,,0,2.85714285714,3
,C,R,0.0,0.0,,S,2.0,0.0,,,E,1.6,,Y,,,,,,,,,,,SHEET,3.2,1320.0,4880.0,,0,2.85714285714,3
,C,A,0.0,45.0,,S,2.22524271845,0.0,,,E,1.6,,,,,,,,Y,,,,,COIL,0.7,610.0,0.0,,0,2.85714285714,3
,C,A,0.0,0.0,,S,2.0,0.0,,,F,1.6,,Y,,,,,,,,,,,SHEET,0.6,610.0,762.0,,0,2.85714285714,3
ZS,C,R,0.0,0.0,,S,3.0,0.0,,,E,1.6,,,,,,,,,,,,,SHEET,1.6,610.0,4880.0,,0,2.85714285714,3
,C,K,45.0,0.0,,,2.22524271845,0.0,,,,1.6,,,Y,M,,,,,,,,,COIL,3.2,640.0,0.0,,600,2.85714285714,3
,C,R,0.0,0.0,,S,3.0,0.0,,,,1.6,,,,B,,,,,,,,,SHEET,0.8,1320.0,4880.0,,0,2.85714285714,2
,C,A,0.0,0.0,,S,2.0,0.0,,,E,1.6,,,,,,,,Y,,,,,COIL,1.6,610.0,0.0,,0,3.0,3
,C,M,0.0,0.0,,,2.22524271845,600.0,,,G,1.6,,,Y,,,,,,,,,,COIL,1.6,1090.0,0.0,,0,2.85714285714,2
TN,C,,0.0,0.0,,A,1.0,0.0,,,,1.6,,,,,,C,,,,,,,COIL,0.5,610.0,0.0,,0,2.85714285714,5
,C,A,10.0,0.0,,,2.22524271845,0.0,,,E,1.6,,,,,,,,,,,,,COIL,1.201,1320.0,0.0,,0,2.85714285714,U
,C,,0.0,0.0,,S,1.0,0.0,,,G,1.6,,,,,,,,,,,,,SHEET,0.3,610.0,762.0,Y,0,2.85714285714,3
,C,A,0.0,0.0,,S,2.0,0.0,,,E,1.6,,,,,,,,,,,,,SHEET,0.7,1320.1,4880.0,,0,2.85714285714,3
,C,A,0.0,0.0,,S,2.0,0.0,,,E,1.6,,,,,Y,,,,,,,,SHEET,0.7,610.0,4880.0,,0,2.85714285714,3
,C,K,55.0,0.0,,,2.22524271845,0.0,,,,1.6,,,Y,M,,,,,,,,Y,COIL,1.5,640.0,0.0,,0,2.85714285714,3
,C,A,0.0,45.0,,S,2.22524271845,0.0,,,D,1.6,,,,,,,,,,,,,SHEET,0.599,609.9,4880.0,,0,2.85714285714,3
TN,C,A,0.0,0.0,,,3.0,0.0,N,,,1.6,,,,,,,,,,Y,,,SHEET,1.6,610.0,761.0,,0,2.85714285714,5
TN,C,A,0.0,0.0,,,3.0,0.0,N,,,1.6,,,,B,,,,,,,,,COIL,0.6,610.0,0.0,,0,2.85714285714,5
,C,R,0.0,0.0,,S,2.0,0.0,,,,1.6,,,,,Y,,,,,,,,SHEET,1.599,610.0,4880.0,,0,2.85714285714,2
,C,R,0.0,0.0,,S,2.0,0.0,,,,1.6,,,,B,Y,,,,,,,,SHEET,2.0,610.0,612.0,,0,2.85714285714,2
,C,R,0.0,0.0,,,2.22524271845,500.0,,,,1.6,,,,,,,,,,,,,SHEET,1.0,610.0,4880.0,,0,2.85714285714,3
,C,A,0.0,0.0,,S,2.0,0.0,,,F,1.6,,,,,,,,,,,,,SHEET,0.999,610.0,762.0,,0,2.85714285714,3
,C,A,0.0,0.0,,S,2.0,0.0,,,F,1.6,,Y,,B,Y,,,,,,,,SHEET,0.699,610.0,761.0,,0,2.85714285714,3
,C,R,6.0,0.0,T,,2.22524271845,0.0,,,,1.6,,Y,,,,,,,,,,,COIL,0.5,25.0,0.0,,0,2.85714285714,3
,C,A,0.0,45.0,,S,2.22524271845,0.0,,,D,1.6,,,,,Y,,,,,,,,SHEET,0.7,610.0,762.0,,0,2.85714285714,3
,C,A,0.0,45.0,,S,2.22524271845,0.0,,,D,1.6,,,,B,,,,,,,,,COIL,1.6,610.0,0.0,,0,2.85714285714,3
TN,C,A,0.0,0.0,,,3.0,0.0,N,,,1.6,,,,,,,P,,,,,,SHEET,0.5,1220.0,4880.0,,0,2.85714285714,5
,C,R,0.0,0.0,,S,2.0,0.0,,,E,1.6,,Y,,B,,,,,,,,,SHEET,0.7,1300.0,4880.0,,0,2.85714285714,3
,C,A,0.0,0.0,,S,2.0,0.0,,,E,1.6,,,,B,,,,,,,,,SHEET,0.7,609.9,762.0,,0,2.85714285714,3
,C,,0.0,0.0,T,S,2.0,0.0,,,,1.6,,,,,,,,,,,,,COIL,0.7,1320.0,0.0,,0,2.85714285714,3
,C,A,0.0,70.0,T,,2.22524271845,0.0,,,G,1.6,,,,B,,,,,,,,,COIL,0.8,50.0,0.0,,0,2.85714285714,3
TN,C,A,0.0,0.0,,,3.0,0.0,N,,,1.6,,,,,,C,,,,,,,SHEET,0.6,1220.0,761.0,,0,2.85714285714,5
,C,R,0.0,0.0,,S,2.0,0.0,,,E,1.6,,Y,,,,,,,,,,,SHEET,0.699,610.0,4880.0,Y,0,2.85714285714,3
,C,R,0.0,0.0,,,2.22524271845,500.0,,,,1.6,,,,,,,,,,,,,SHEET,1.0,1100.0,762.0,,0,2.85714285714,3
,C,M,0.0,0.0,,,2.22524271845,600.0,,,G,1.6,,,,,,,,,,,,,COIL,1.6,1090.0,0.0,,0,2.85714285714,2
,C,A,0.0,85.0,T,,2.22524271845,0.0,,,G,1.6,,,,,,,,,,,,,COIL,3.2,610.0,0.0,Y,0,2.85714285714,U
ZS,C,R,0.0,0.0,,A,2.0,0.0,,,G,1.6,,,,,,,,,,,,,COIL,0.25,20.0,0.0,,0,2.85714285714,3
,C,S,0.0,0.0,,,2.22524271845,400.0,,,,1.6,,,,,,,,,,,V,,COIL,0.8,75.0,0.0,,0,2.85714285714,1
,C,R,0.0,0.0,,S,2.0,0.0,,,E,1.6,,,,,,,,,,,,,SHEET,0.699,610.0,4880.0,Y,0,2.85714285714,3
,C,A,0.0,0.0,,S,2.0,0.0,,,G,1.6,,,Y,,,,,,,,,,SHEET,0.7,1300.0,4880.0,,0,2.85714285714,3
,C,A,0.0,45.0,,S,2.22524271845,0.0,,,D,1.6,,,,B,,,,,,,,,COIL,0.699,1320.0,0.0,,0,2.85714285714,3
,C,A,4.0,0.0,T,,2.22524271845,0.0,,,G,1.6,,,,,,,,,,,,,COIL,1.0,1130.0,0.0,,0,2.85714285714,3
,C,,0.0,50.0,T,,2.22524271845,0.0,,,G,1.6,,,,,,,,,,,,Y,COIL,0.451,1320.0,0.0,,0,2.85714285714,3
TN,C,A,0.0,0.0,,,3.0,0.0,N,,,1.6,,,,,,,,,,Y,,,COIL,1.6,1220.0,0.0,,0,2.85714285714,5
,C,W,0.0,0.0,,,2.22524271845,310.0,,,G,1.6,,,,,,,,,,,,,COIL,1.599,1275.0,0.0,,0,2.85714285714,3
TN,C,A,0.0,0.0,,,3.0,0.0,N,,,1.6,,,,,,C,,,,,,,SHEET,1.6,610.0,4880.0,,0,2.85714285714,5
,C,R,0.0,0.0,,S,3.0,0.0,,,,1.6,,,,,,,,,,,,,COIL,1.599,610.0,0.0,,0,2.85714285714,2
,C,R,0.0,0.0,,S,2.0,0.0,,,,1.6,,,,B,Y,,,,,,,,SHEET,2.0,610.0,4170.0,,0,2.85714285714,2
,C,R,0.0,0.0,,S,2.0,0.0,,,E,1.6,,,,,,,,,,,,,COIL,1.2,1220.0,0.0,,0,2.85714285714,3
,C,K,45.0,0.0,,,2.22524271845,0.0,,,,1.6,,,,,,,,,,,,,COIL,1.09,610.0,0.0,,0,2.85714285714,3
,C,R,0.0,0.0,,S,2.0,0.0,,,,1.6,,,,B,Y,,,,,,,,SHEET,1.599,1300.0,762.0,,0,2.85714285714,2
,C,V,0.0,0.0,,S,2.0,0.0,,,,2.0,,,,,,,,,,,,,COIL,1.201,1525.0,0.0,,0,2.85714285714,2
,C,K,55.0,0.0,,,2.22524271845,0.0,,,,1.6,,,Y,,,,,,,,,,COIL,1.1,900.0,0.0,,0,2.85714285714,3
,C,R,0.0,0.0,,S,3.0,0.0,,,,1.6,,,,,,,,,,,,,SHEET,2.0,1525.0,612.0,,0,2.85714285714,2
,C,A,0.0,50.0,T,,2.22524271845,0.0,,,G,1.6,,,Y,,,,,,,,,,COIL,0.6,610.0,0.0,,0,2.85714285714,3
TN,C,A,0.0,0.0,,,3.0,0.0,N,,,1.6,,,,,,,P,,,,,,COIL,1.6,610.0,0.0,,0,2.85714285714,5
,C,W,0.0,0.0,,,2.22524271845,310.0,,,G,1.6,,Y,,,,,,,,,,,SHEET,2.5,610.0,4880.0,,0,2.85714285714,3
,C,A,0.0,45.0,,S,2.22524271845,0.0,,,D,1.6,,,,,,,,,,,,,SHEET,0.699,1320.0,760.0,N,0,2.85714285714,3
,C,R,0.0,0.0,,A,3.0,0.0,,,G,1.6,,,,,,,,Y,,,,,COIL,0.4,58.0,0.0,,0,2.85714285714,3
,C,R,0.0,0.0,,S,2.0,0.0,,,E,1.6,,,,B,,,,,,,,,COIL,3.2,609.9,0.0,,0,2.85714285714,3
,C,,0.0,0.0,,A,2.0,0.0,,,G,1.6,,,,,,,,,,,,,COIL,0.7,1320.0,0.0,,0,2.85714285714,3
ZS,C,A,0.0,50.0,T,,2.22524271845,0.0,,,E,1.6,,Y,,,,,,,,,,,COIL,1.6,1250.0,0.0,,0,2.85714285714,3
,C,R,0.0,0.0,,S,3.0,0.0,,,,1.6,,,,,,,,,,,,,SHEET,1.601,830.0,881.0,,0,2.85714285714,2
,C,M,0.0,0.0,,,2.22524271845,350.0,,,G,1.6,,,Y,,,,,,,,,,COIL,0.9,1320.0,0.0,,0,2.85714285714,3
,C,V,0.0,0.0,,S,2.0,0.0,,,,2.0,,,,,,,,,,,,,COIL,2.0,1525.0,0.0,,0,2.85714285714,2
,C,A,0.0,0.0,,S,2.0,0.0,,,F,1.6,,Y,,B,,,,,,,,,SHEET,0.699,520.0,762.0,,0,2.85714285714,3
,C,A,0.0,60.0,T,,2.22524271845,0.0,,,G,1.6,,,,,,,,Y,,,,,COIL,0.8,710.1,0.0,,0,2.85714285714,3
ZS,C,A,0.0,50.0,T,,2.22524271845,0.0,,,E,1.6,,,,,,,,,,,,,COIL,0.6,610.0,0.0,,0,2.85714285714,3
,C,R,0.0,0.0,,,2.22524271845,500.0,,,,1.6,,,Y,,,,,,,,,,COIL,1.6,1320.0,0.0,,0,2.85714285714,3
,C,R,0.0,0.0,,S,3.0,0.0,,,E,1.6,,,,,,,,,,,,,SHEET,0.6,610.0,4880.0,,0,2.85714285714,3
,C,A,0.0,0.0,,S,2.0,0.0,,,E,1.6,,,,B,Y,,,,,,,,SHEET,1.6,1320.0,1000.0,,0,2.85714285714,3
,C,A,0.0,45.0,,S,2.22524271845,0.0,,,D,1.6,,,,,,,,,,,,,COIL,0.699,1320.0,0.0,N,0,2.85714285714,3
,C,A,0.0,85.0,T,,2.22524271845,0.0,,,G,1.6,,,,M,,,,,,,,Y,COIL,3.201,1000.0,0.0,,600,2.85714285714,U
TN,C,A,0.0,0.0,,,3.0,0.0,N,,,1.6,,,,B,,,,,,Y,,,SHEET,0.6,1220.0,4880.0,,0,2.85714285714,5
ZS,C,A,0.0,0.0,,S,3.0,0.0,N,,E,1.6,,,,,,,,,,,,,COIL,1.0,75.0,0.0,,0,2.85714285714,3
TN,C,,0.0,0.0,,A,1.0,0.0,,,,1.6,,,,,,,P,,,,,,COIL,1.6,1220.0,0.0,,0,2.85714285714,5
,C,R,0.0,0.0,,S,2.0,0.0,,,E,1.6,,,,,,,,,,,,Y,COIL,0.7,1320.0,0.0,,0,2.85714285714,3
,C,A,0.0,70.0,T,,2.22524271845,0.0,,,G,1.6,,,,B,,,,,,,,,COIL,2.5,609.9,0.0,,0,2.85714285714,3
,C,A,0.0,0.0,,S,2.0,0.0,,,F,1.6,,Y,,B,Y,,,,,,,,SHEET,0.699,609.9,0.0,,0,2.85714285714,3
,C,R,0.0,0.0,,S,2.0,0.0,,,E,1.6,,,,B,Y,,,,,,,,SHEET,3.2,610.0,1000.0,,0,2.85714285714,3
,C,R,0.0,0.0,,S,2.0,0.0,,,E,1.6,,,,,,,,,,,,,COIL,0.9,966.1,0.0,,0,2.85714285714,3
,C,R,0.0,0.0,,S,3.0,0.0,,,E,1.6,,,,,,,,,,,,,SHEET,0.601,375.0,612.0,,0,2.85714285714,3
TN,C,A,0.0,0.0,,,3.0,0.0,N,,,1.6,,,,,,C,,,,,,,COIL,0.8,50.0,0.0,,0,2.85714285714,5
,C,K,45.0,0.0,,,2.22524271845,0.0,,,,1.6,,,,,,,,,,,,,COIL,0.6,610.0,0.0,,0,2.85714285714,3
,C,A,0.0,0.0,,S,2.0,0.0,,,E,1.6,,,,,,,,,,,,,COIL,3.2,1320.0,0.0,,0,2.85714285714,3
TN,C,A,0.0,0.0,,,3.0,0.0,N,,,1.6,,,,,,C,,,,,,,SHEET,0.6,610.0,4880.0,,0,2.85714285714,5
,C,A,0.0,0.0,,S,2.0,0.0,,,F,1.6,,,,,,,,,,,,,SHEET,0.999,1220.0,762.0,,0,2.85714285714,3
,C,R,0.0,0.0,,S,2.0,0.0,,,,1.6,,,,,,,,,,,,,COIL,1.6,50.0,0.0,,0,2.85714285714,2
,C,A,0.0,0.0,,S,2.0,0.0,,,G,1.6,,,,,,,,,,,,,SHEET,1.2,335.0,4170.0,,0,2.85714285714,3
ZS,C,A,0.0,0.0,,S,5.0,0.0,N,,E,1.6,,,,,,,,,,,,,SHEET,1.2,1250.0,4880.0,N,0,2.85714285714,3
,C,W,0.0,0.0,,,2.22524271845,310.0,,,G,1.6,,,,,,,,,,,,,COIL,2.5,1274.9,0.0,,600,2.85714285714,3
,C,V,0.0,0.0,,S,2.0,0.0,,,,2.0,,,,,,,,,,,,,SHEET,0.8,1320.0,1.0,,0,2.85714285714,2
,C,A,0.0,85.0,T,,2.22524271845,0.0,,,G,1.6,,,,,,,,,,,,,COIL,3.2,609.9,0.0,,0,2.85714285714,U
TN,C,A,0.0,0.0,,,3.0,0.0,N,,,1.6,,,,,,,,,,Y,,,COIL,1.6,50.0,0.0,,0,2.85714285714,5
,C,A,0.0,0.0,,S,2.0,0.0,,,E,1.6,,Y,,B,Y,,,,,,,,SHEET,1.599,1300.0,4880.0,,0,2.85714285714,3
,C,A,0.0,0.0,,S,2.0,0.0,,,E,1.6,,Y,,,,,,,,,,,SHEET,0.7,610.0,4880.0,,0,2.85714285714,3
,C,A,0.0,0.0,,S,3.0,0.0,N,,E,1.6,,,,,,,,,,,,Y,COIL,0.6,1320.0,0.0,,0,2.85714285714,3
,C,,0.0,0.0,,A,2.0,0.0,,,G,1.6,,,,,,,,,,,,,SHEET,0.301,610.0,4880.0,Y,0,2.85714285714,3
,C,A,0.0,0.0,,S,2.0,0.0,,,F,1.6,,Y,,B,Y,,,,,,,,SHEET,0.6,1220.0,762.0,,0,2.85714285714,3
ZS,C,R,0.0,0.0,,,2.22524271845,300.0,,,,1.6,,,,,,,,,Y,,,,COIL,0.8,915.1,0.0,,0,2.85714285714,1
,C,A,0.0,85.0,T,,2.22524271845,0.0,,,G,1.6,,,,M,,,,,,,,,COIL,4.0,1000.0,0.0,,600,2.85714285714,U
,C,K,65.0,0.0,,,2.22524271845,0.0,,,,1.6,,,Y,M,,,,,,,,,COIL,1.5,640.0,0.0,,0,2.85714285714,3
TN,C,A,0.0,0.0,,,3.0,0.0,N,,,1.6,,,,,,C,,,,,,,SHEET,1.2,335.0,612.0,,0,2.85714285714,5
,C,A,0.0,0.0,,S,2.0,0.0,,,F,1.6,,Y,,,Y,,,,,,,,SHEET,0.6,520.0,4880.0,,0,2.85714285714,3
,C,A,0.0,0.0,,S,2.0,0.0,,,E,1.6,,Y,,,,,,,,,,,COIL,1.6,1320.0,0.0,,0,2.85714285714,3
,C,R,0.0,0.0,,S,2.0,0.0,,,E,1.6,,,,,,,,,,,,Y,COIL,3.2,1320.0,0.0,,0,2.85714285714,3
,C,A,0.0,0.0,,S,2.0,0.0,,,G,1.6,,,,,,,,,,,,,COIL,0.4,20.0,0.0,,0,2.85714285714,3
,C,A,0.0,0.0,,S,2.0,0.0,,,E,1.6,,Y,,,,,,,,,,,SHEET,0.3,610.0,4880.0,Y,0,2.85714285714,3
,C,A,0.0,0.0,,S,2.0,0.0,,,F,1.6,,Y,,B,,,,,,,,,SHEET,0.6,610.0,4880.0,,0,2.85714285714,3
,C,A,0.0,45.0,,S,2.22524271845,0.0,,,D,1.6,,,,B,Y,,,,,,,,SHEET,0.3,610.0,762.0,,0,2.85714285714,3
,C,R,0.0,0.0,,S,2.0,0.0,,,E,1.6,,Y,,,,,,,,,,,COIL,0.699,610.0,0.0,,0,3.0,3
ZS,C,A,0.0,50.0,T,,2.22524271845,0.0,,,E,1.6,,,,,,,,,,,,,COIL,0.6,1250.0,0.0,,0,2.85714285714,3
,C,A,0.0,0.0,,S,2.0,0.0,,,E,1.6,,Y,,,,,,,,,,,COIL,1.6,1320.0,0.0,,0,2.85714285714,3
,C,A,0.0,0.0,,S,2.0,0.0,,,E,1.6,,,,,,,,,,,,,SHEET,0.3,1320.0,762.0,Y,0,2.85714285714,3
,C,R,0.0,0.0,,S,2.0,0.0,,,E,1.6,,,,,,,,,,,,,SHEET,0.699,610.0,762.0,N,0,2.85714285714,3
,C,R,0.0,0.0,,S,2.0,0.0,,,E,1.6,,,,,,,,,,,,,COIL,0.901,966.1,0.0,,0,2.85714285714,3
,C,R,0.0,0.0,,S,2.0,0.0,,,E,1.6,,,,B,Y,,,,,,,,SHEET,0.3,595.0,4880.0,,0,2.85714285714,3
,C,A,0.0,0.0,,S,2.0,0.0,,,F,1.6,,Y,,B,Y,,,,,,,,SHEET,0.6,1220.0,4880.0,,0,2.85714285714,3
,C,A,0.0,0.0,,S,2.0,0.0,,,F,1.6,,Y,,,Y,,,,,,,,SHEET,0.699,609.9,4880.0,,0,2.85714285714,3
,C,S,70.0,0.0,,,2.22524271845,0.0,,,,1.6,,,,M,,,,,,,,,SHEET,2.0,1000.0,4880.0,,0,2.85714285714,3
,C,A,0.0,0.0,,S,3.0,0.0,N,,E,1.6,,,,,,,,,,,,,SHEET,1.0,610.0,4880.0,,0,2.85714285714,3
,C,,0.0,0.0,,S,1.0,0.0,,,G,1.6,,,,,,,,,,,,,COIL,3.2,60.0,0.0,,0,2.85714285714,3
,C,K,55.0,0.0,,,2.22524271845,0.0,,,,1.6,,,,,,,,,,,,,COIL,1.0,900.0,0.0,,0,2.85714285714,3
,C,A,0.0,45.0,,S,2.22524271845,0.0,,,D,1.6,,,,,,,,,,,,,COIL,0.7,1320.0,0.0,,0,2.85714285714,3
,C,R,0.0,0.0,,S,2.0,0.0,,,E,1.6,,Y,,,,,,,,,,,COIL,1.6,1320.0,0.0,,0,3.0,3
,C,A,0.0,45.0,,S,2.22524271845,0.0,,,D,1.6,,,,,,,,,,,,,SHEET,1.6,610.0,762.0,,0,2.85714285714,3
,C,K,55.0,0.0,,,2.22524271845,0.0,,,,1.6,,,,M,,,,,,,,Y,COIL,2.3,900.0,0.0,,500,2.85714285714,3
,C,R,0.0,0.0,,S,2.0,0.0,,,,1.6,,,Y,,,,,,,,,,SHEET,0.8,1300.0,762.0,,0,2.85714285714,2
,C,,0.0,0.0,,A,2.0,0.0,,,G,1.6,,,,,,,,,,,,,SHEET,0.301,1320.0,4880.0,Y,0,2.85714285714,3
,C,A,0.0,50.0,T,,2.22524271845,0.0,,,G,1.6,,,Y,,,,,,,,,,COIL,0.601,610.0,0.0,,0,2.85714285714,3
,C,R,0.0,0.0,,S,2.0,0.0,,,E,1.6,,,,,,,,,,,,,SHEET,3.2,1320.0,762.0,,0,2.85714285714,3
,C,M,0.0,0.0,,,2.22524271845,600.0,,,G,1.6,,,Y,,,,,,,,,,COIL,1.3,1090.0,0.0,,0,2.85714285714,2
,C,A,0.0,0.0,,S,2.0,0.0,,,F,1.6,,,,,,,,,,,,,SHEET,0.699,520.0,4880.0,,0,2.85714285714,3
,C,M,0.0,0.0,,,2.22524271845,600.0,,,G,1.6,,,Y,,,,,,,,,,SHEET,0.9,610.0,1220.0,,0,2.85714285714,2
,C,R,0.0,0.0,,S,2.0,0.0,,,E,1.6,,,Y,,,,,,,,,,SHEET,3.2,1300.0,762.0,,0,2.85714285714,3
,C,M,0.0,0.0,,,2.22524271845,350.0,,,G,1.6,,,,,,,,,,,,,COIL,1.399,609.9,0.0,,0,2.85714285714,3
,C,R,0.0,0.0,,S,3.0,0.0,,,,1.6,,,,,,,,,,,,,SHEET,1.599,610.0,761.0,,0,2.85714285714,2
,C,A,0.0,0.0,,S,2.0,0.0,,,E,1.6,,,,,,,,,,,,,COIL,0.699,610.0,0.0,N,0,2.85714285714,3
,C,R,0.0,0.0,,S,2.0,0.0,,,E,1.6,,,,,,,,,,,,,COIL,0.7,1220.0,0.0,,0,2.85714285714,3
,C,R,0.0,0.0,,S,2.0,0.0,,,E,1.6,,,Y,,,,,,,,,,COIL,0.699,1320.0,0.0,,0,2.85714285714,3
,C,A,0.0,45.0,,S,2.22524271845,0.0,,,D,1.6,,,,,,,,,,,,,SHEET,0.599,610.0,761.0,,0,2.85714285714,3
,C,A,0.0,0.0,,S,2.0,0.0,,,F,1.6,,Y,,,,,,,,,,,SHEET,0.699,610.0,400.0,,0,2.85714285714,3
,C,A,0.0,45.0,,S,2.22524271845,0.0,,,D,1.6,,,,,,,,,,,,,SHEET,1.6,1320.0,612.0,,0,2.85714285714,3
TN,C,,0.0,0.0,,A,1.0,0.0,,,,1.6,,,,,,C,,,,,,,SHEET,0.5,609.9,612.0,,0,2.85714285714,5
,C,A,0.0,45.0,,S,2.22524271845,0.0,,,D,1.6,,,,B,,,,,,,,,COIL,0.301,1320.0,0.0,,0,2.85714285714,3
,C,K,65.0,0.0,,,2.22524271845,0.0,,,,1.6,,,,M,,,,,,,,,COIL,3.2,640.0,0.0,,500,2.85714285714,3
,C,A,0.0,0.0,,S,3.0,0.0,N,,F,1.6,,,,B,Y,,,Y,,,,,SHEET,0.6,610.0,762.0,,0,2.85714285714,3
TN,C,A,0.0,0.0,,,3.0,0.0,N,,,1.6,,,,,,,,,,Y,,,COIL,0.6,249.9,0.0,,0,2.85714285714,5
,C,R,0.0,0.0,,S,2.0,0.0,,,E,1.6,,,,,,,,,,,,,COIL,0.7,610.0,0.0,,0,2.85714285714,3
,C,R,0.0,0.0,,S,2.0,0.0,,,E,1.6,,Y,,,Y,,,,,,,,SHEET,3.2,1300.0,762.0,,0,2.85714285714,3
,C,A,0.0,0.0,,S,2.0,0.0,,,E,1.6,,,,,Y,,,,,,,,SHEET,1.599,1320.0,762.0,,0,2.85714285714,3
,C,A,0.0,0.0,,S,2.0,0.0,,,E,1.6,,Y,,,,,,,,,,,COIL,0.8,609.9,0.0,,0,2.85714285714,3
,C,A,0.0,60.0,T,,2.22524271845,0.0,N,,G,1.6,,,,,,,,,,,,,COIL,1.9,1135.0,0.0,,600,2.85714285714,3
,C,V,0.0,0.0,,S,2.0,0.0,,,,1.0,,,,,,,,,,,,,COIL,0.699,609.9,0.0,,0,2.85714285714,3
,C,A,0.0,0.0,,S,2.0,0.0,,,E,1.6,,,,,,,,Y,,,,,COIL,0.699,610.0,0.0,,0,2.85714285714,3
,C,R,0.0,0.0,,S,3.0,0.0,,,,1.6,,,,,Y,,,,,,,,SHEET,0.8,1320.0,762.0,,0,2.85714285714,2
,C,R,0.0,0.0,,S,2.0,0.0,,,E,1.6,,,,,,,,,,,,,COIL,0.901,966.0,0.0,,0,2.85714285714,3
,C,A,0.0,0.0,,S,2.0,0.0,,,G,1.6,,,,B,Y,,,,,,,,SHEET,0.7,610.0,762.0,,0,2.85714285714,3
ZS,C,A,0.0,0.0,,S,5.0,0.0,N,,E,1.6,,,,,,,,,,,,,COIL,0.8,75.0,0.0,,0,2.85714285714,3
,C,R,0.0,0.0,,S,2.0,0.0,,,E,1.6,,,,,,,,Y,,,,,SHEET,0.7,1320.0,762.0,,0,2.85714285714,3
ZS,C,A,0.0,50.0,T,,2.22524271845,0.0,,,E,1.6,,Y,,,,,,,,,,,SHEET,0.601,1250.0,762.0,,0,2.85714285714,3
,C,A,0.0,60.0,T,,2.22524271845,0.0,,,G,1.6,,,,,,,,,,,,,COIL,0.799,609.0,0.0,,0,2.85714285714,3
,C,R,6.0,0.0,T,,2.22524271845,0.0,,,,1.6,,Y,,,,,,,,,,,SHEET,1.0,610.0,4880.0,,0,2.85714285714,3
ZS,C,A,0.0,50.0,T,,2.22524271845,0.0,,,E,1.6,,Y,,,,,,Y,,,,,COIL,0.6,20.0,0.0,,0,2.85714285714,3
,C,K,45.0,0.0,,,2.22524271845,0.0,,,,1.6,,,,,,,,,,,,Y,COIL,0.6,900.0,0.0,,0,2.85714285714,3
,C,R,6.0,0.0,T,,2.22524271845,0.0,,,,1.6,,,,,,,,,,,,,SHEET,1.0,610.0,762.0,,0,2.85714285714,3
TN,C,,0.0,0.0,,A,1.0,0.0,,,,1.6,,,,,,,,,,Y,,,COIL,0.5,250.0,0.0,,0,2.85714285714,5
,C,W,0.0,0.0,,,2.22524271845,310.0,,,G,1.6,,Y,,,,,,,,,,,SHEET,2.5,1274.9,762.0,,0,2.85714285714,3
,C,A,0.0,60.0,T,,2.22524271845,0.0,,,G,1.6,,,,B,Y,,,Y,,,,,SHEET,0.801,255.1,270.0,,0,2.85714285714,3
,C,R,0.0,0.0,,S,2.0,0.0,,,,1.6,,,,,,,,,,,,,SHEET,1.6,1500.0,4170.0,,0,2.85714285714,2
,C,R,0.0,0.0,,S,2.0,0.0,,,,1.6,,,,B,,,,,,,,,SHEET,0.8,610.0,4880.0,,0,2.85714285714,2
,C,A,0.0,0.0,,S,2.0,0.0,,,G,1.6,,,,,,,,,,,,Y,COIL,0.7,1320.0,0.0,,0,2.85714285714,3
TN,C,,0.0,0.0,,A,1.0,0.0,,,,1.6,,,,,,C,,,,,,,COIL,1.6,610.0,0.0,,0,2.85714285714,5
,C,A,0.0,0.0,,S,2.0,0.0,,,F,1.6,,,,,,,,,,,,,SHEET,0.7,1220.0,4880.0,,0,2.85714285714,3
,C,A,0.0,85.0,T,,2.22524271845,0.0,,,G,1.6,,,,,,,,,,,,,SHEET,0.3,1220.0,762.0,,0,2.85714285714,U
,C,A,0.0,0.0,,S,2.0,0.0,,,G,1.6,,,,,,,,,,,,Y,COIL,3.2,610.0,0.0,,0,2.85714285714,3
,C,A,0.0,0.0,,S,3.0,0.0,N,,E,1.6,,,,,,,,,,,,,SHEET,0.601,610.0,762.0,,0,2.85714285714,3
,C,R,0.0,0.0,,S,2.0,0.0,,,E,1.6,,,,,,,,Y,,,,,COIL,0.321,610.0,0.0,,0,2.85714285714,3
,C,A,0.0,0.0,,S,3.0,0.0,N,,E,1.6,,,,,,,,Y,,,,,COIL,0.601,1220.0,0.0,,0,2.85714285714,3
,C,R,0.0,0.0,,S,2.0,0.0,,,E,1.6,,Y,,,,,,,,,,,COIL,0.699,610.0,0.0,,0,2.85714285714,3
,C,R,0.0,0.0,,S,2.0,0.0,,,E,1.6,,Y,,,,,,,,,,,SHEET,3.2,150.0,4880.0,,0,2.85714285714,3
,C,A,0.0,0.0,,S,2.0,0.0,,,F,1.6,,,,,,,,,,,,,SHEET,0.7,1220.0,762.0,,0,2.85714285714,3
TN,C,,0.0,0.0,,A,1.0,0.0,,,,1.6,,,,,,C,,,,,,,COIL,0.6,250.0,0.0,,0,2.85714285714,5
,C,A,0.0,85.0,T,,2.22524271845,0.0,,,G,1.6,,,,,,,,,,,,,COIL,3.2,1220.0,0.0,Y,0,2.85714285714,U
,C,R,0.0,0.0,,S,2.0,0.0,,,,1.6,,Y,,,,,,,,,,,SHEET,0.8,1320.0,762.0,,0,2.85714285714,2
,C,S,0.0,0.0,,,2.22524271845,400.0,,,,1.6,,,,,,,,,,,,,COIL,0.8,609.9,0.0,,0,2.85714285714,1
,C,A,0.0,0.0,,S,3.0,0.0,N,,F,1.6,,,,B,Y,,,Y,,,,,SHEET,1.2,610.0,4170.0,,0,2.85714285714,3
,C,A,0.0,0.0,,S,2.0,0.0,,,F,1.6,,Y,,B,Y,,,,,,,,SHEET,0.699,1320.0,761.0,,0,2.85714285714,3
,C,R,0.0,0.0,,S,3.0,0.0,,,,1.6,,,,B,Y,,,,,,,,SHEET,0.8,1320.0,4880.0,,0,2.85714285714,2
,C,R,0.0,0.0,,S,2.0,0.0,,,E,1.6,,Y,,,,,,,,,,,SHEET,3.2,150.0,762.0,,0,2.85714285714,3
,C,M,0.0,0.0,,,2.22524271845,600.0,,,G,1.6,,,,,,,,,,,,,SHEET,1.299,1050.0,1220.0,,0,2.85714285714,2
,C,R,0.0,0.0,,S,2.0,0.0,,,E,1.6,,Y,,,Y,,,,,,,,SHEET,3.2,1300.0,4880.0,,0,2.85714285714,3
,C,A,0.0,0.0,,S,2.0,0.0,,,G,1.6,,Y,,B,Y,,,,,,,,SHEET,0.7,610.0,762.0,,0,2.85714285714,3
,C,R,6.0,0.0,T,,2.22524271845,0.0,,,,1.6,,Y,,,,,,,,,,,COIL,1.2,1220.0,0.0,,0,2.85714285714,3
,C,S,0.0,0.0,,,2.22524271845,400.0,,,,1.6,,,,,,,,,,,,,COIL,1.0,75.0,0.0,,0,2.85714285714,1
,C,R,6.0,0.0,T,,2.22524271845,0.0,,,,1.6,,Y,,,,,,,,,,,SHEET,1.0,1320.0,762.0,,0,2.85714285714,3
,C,A,0.0,70.0,T,,2.22524271845,0.0,,,G,1.6,,,,,,,,,,,,,COIL,2.5,610.0,0.0,,600,2.85714285714,3
,C,R,0.0,0.0,,S,2.0,0.0,,,,1.6,,,,,,,,,,,,,SHEET,0.8,610.0,4880.0,,0,2.85714285714,2
,C,R,0.0,0.0,,S,3.0,0.0,,,E,1.6,,,,,,,,,,,,,SHEET,0.6,520.0,762.0,,0,2.85714285714,3
,C,,0.0,70.0,T,,2.22524271845,0.0,,,G,1.6,,,,,,,,,,,,Y,COIL,0.8,50.0,0.0,,0,2.85714285714,3
,C,A,0.0,0.0,,S,2.0,0.0,,,E,1.6,,,,,,,,,,,,,SHEET,0.3,1320.0,4880.0,Y,0,2.85714285714,3
,C,,0.0,0.0,,,2.22524271845,500.0,,P,,1.6,,,,,,,,,,,,,SHEET,2.0,610.0,762.0,,0,2.85714285714,2
TN,C,,0.0,0.0,,A,1.0,0.0,,,,1.6,,,,,,,,,,Y,,,SHEET,0.5,609.9,3000.0,,0,2.85714285714,5
,C,,0.0,0.0,,S,1.0,0.0,,,G,1.6,,,,,,,,,,,,,COIL,0.7,610.0,0.0,,0,2.85714285714,3
,C,R,0.0,0.0,,S,2.0,0.0,,,E,1.6,,,,,,,,,,,,Y,SHEET,1.0,610.0,4880.0,,0,2.85714285714,3
,C,R,0.0,0.0,,S,2.0,0.0,,,E,1.6,,Y,,,,,,,,,,,COIL,1.601,1320.0,0.0,,0,2.85714285714,3
,C,R,0.0,0.0,,S,2.0,0.0,,,E,1.6,,,,,,,,Y,,,,,SHEET,0.301,610.0,762.0,,0,2.85714285714,3
,C,R,0.0,0.0,,S,2.0,0.0,,,,1.6,,,,,,,,,,,,,SHEET,1.2,609.9,612.0,,0,2.85714285714,2
,C,R,0.0,0.0,,S,2.0,0.0,,,,1.6,,,,,Y,,,,,,,,SHEET,0.8,1500.0,4170.0,,0,2.85714285714,2
,C,A,0.0,45.0,,S,2.22524271845,0.0,,,D,1.6,,,,B,,,,,,,,,SHEET,0.7,1300.0,762.0,,0,2.85714285714,3
,C,R,0.0,0.0,,S,2.0,0.0,,,E,1.6,,,,,,,,,,,,Y,COIL,1.201,50.0,0.0,,0,2.85714285714,3
,C,A,0.0,0.0,,S,3.0,0.0,N,,F,1.6,,,,,,,,,,,,,SHEET,0.75,610.0,4880.0,,0,2.85714285714,3
,C,R,0.0,0.0,,S,2.0,0.0,,,E,1.6,,,,,,,,,,,,,SHEET,0.7,374.9,762.0,,0,2.85714285714,3
,C,R,0.0,0.0,,,2.22524271845,500.0,,,,1.6,,,,,,,,,,,,,COIL,1.6,609.9,0.0,,0,2.85714285714,3
,C,R,0.0,0.0,,S,2.0,0.0,,,,1.6,,,,B,Y,,,,,,,,SHEET,0.8,610.0,4880.0,,0,2.85714285714,2
,C,K,65.0,0.0,,,2.22524271845,0.0,,,,1.6,,,,,,,,,,,,,COIL,1.09,900.0,0.0,,0,2.85714285714,3
,C,R,0.0,0.0,,S,2.0,0.0,,,E,1.6,,,,B,,,,,,,,,COIL,0.699,1320.0,0.0,,0,2.85714285714,3
,C,R,0.0,0.0,,S,2.0,0.0,,,E,1.6,,Y,,,,,,,,,,,SHEET,0.7,150.0,762.0,,0,2.85714285714,3
,C,K,55.0,0.0,,,2.22524271845,0.0,,,,1.6,,,Y,M,,,,,,,,Y,COIL,2.2,900.0,0.0,,0,2.85714285714,3
,C,V,0.0,0.0,,S,2.0,0.0,,,,1.0,,,,,,,,,,,,,SHEET,0.7,610.0,4880.0,,0,2.85714285714,3
,C,A,4.0,0.0,T,,2.22524271845,0.0,,,G,1.6,,,,,,,,,,,,,COIL,1.0,25.0,0.0,,0,2.85714285714,3
,C,R,0.0,0.0,,S,2.0,0.0,,,E,1.6,,,,B,,,,,,,,,COIL,0.699,610.0,0.0,,0,2.85714285714,3
,C,R,0.0,0.0,,S,2.0,0.0,,,,1.6,,,,,Y,,,,,,,,SHEET,1.599,1320.0,4880.0,,0,2.85714285714,2
,C,V,0.0,0.0,,S,2.0,0.0,,,,1.0,,,,,,,,,,,,,SHEET,0.7,1320.0,762.0,,0,2.85714285714,3
,C,R,0.0,0.0,,S,2.0,0.0,,,E,1.6,,,,,,,,,,,,,SHEET,3.2,1320.0,4880.0,,0,2.85714285714,3
,C,R,0.0,0.0,,S,2.0,0.0,,,E,1.6,,,,,,,,,,,,,SHEET,0.699,1320.0,762.0,N,0,2.85714285714,3
,C,A,0.0,50.0,T,,2.22524271845,0.0,,,G,1.6,,,,,,,,,,,,,COIL,0.601,610.0,0.0,,0,2.85714285714,3
TN,C,A,0.0,0.0,,,3.0,0.0,N,,,1.6,,,,,,C,,,,,,,SHEET,0.6,610.0,761.0,,0,2.85714285714,5
,C,R,0.0,0.0,,S,2.0,0.0,,,E,1.6,,Y,,,,,,,,,,,COIL,3.2,610.0,0.0,,0,2.85714285714,3
,C,K,65.0,0.0,,,2.22524271845,0.0,,,,1.6,,,Y,M,,,,,,,,,COIL,2.3,900.0,0.0,,600,2.85714285714,3
,C,A,0.0,0.0,,S,2.0,0.0,,,F,1.6,,Y,,,,,,,,,,,SHEET,0.6,300.1,4880.0,,0,2.85714285714,3
,C,A,0.0,0.0,,S,2.0,0.0,,,F,1.6,,Y,,B,Y,,,,,,,,SHEET,0.699,300.1,4880.0,,0,2.85714285714,3
,C,R,0.0,0.0,,S,2.0,0.0,,,E,1.6,,,,M,,,,,,,,,COIL,4.0,610.0,0.0,,600,2.85714285714,3
,C,R,0.0,0.0,,S,2.0,0.0,,,E,1.6,,Y,,B,Y,,,,,,,,SHEET,1.599,610.0,762.0,,0,2.85714285714,3
,C,M,0.0,0.0,,,2.22524271845,350.0,,,G,1.6,,,,,,,,,,,,,COIL,1.601,609.9,0.0,,0,2.85714285714,3
,C,A,0.0,45.0,,S,2.22524271845,0.0,,,D,1.6,,,,B,Y,,,,,,,,SHEET,0.4,1220.0,300.0,,0,2.85714285714,3
ZS,C,R,0.0,0.0,,S,3.0,0.0,,,E,1.6,,,,,,,,,,,,,COIL,1.6,1220.0,0.0,,0,3.0,3
,C,A,0.0,85.0,T,,2.22524271845,0.0,,,G,1.6,,,,,,,,,,,,,SHEET,0.3,1220.0,4880.0,,0,2.85714285714,U
TN,C,A,0.0,0.0,,,3.0,0.0,N,,,1.6,,,,,,C,,,,,,,SHEET,1.6,1220.0,761.0,,0,2.85714285714,5
,C,A,0.0,0.0,,S,2.0,0.0,,,G,1.6,,Y,,B,,,,,,,,,COIL,0.4,610.0,0.0,,0,2.85714285714,3
,C,A,0.0,45.0,,S,2.22524271845,0.0,,,D,1.6,,,,B,,,,,,,,,SHEET,0.3,610.0,762.0,,0,2.85714285714,3
,C,R,6.0,0.0,T,,2.22524271845,0.0,,,,1.6,,,,,,,,,,,,,COIL,1.0,610.0,0.0,,0,2.85714285714,3
,C,A,0.0,0.0,,S,2.0,0.0,,,G,1.6,,,,B,,,,,,,,,SHEET,0.7,610.0,4880.0,,0,2.85714285714,3
,C,S,0.0,0.0,,,2.22524271845,400.0,,,,1.6,,,,,,,,,,,,,COIL,0.8,75.0,0.0,,0,2.85714285714,1
,C,A,0.0,0.0,,S,3.0,0.0,N,,E,1.6,,,Y,,,,,,,,,,COIL,2.5,1320.0,0.0,,0,2.85714285714,3
ZS,C,A,0.0,50.0,T,,2.22524271845,0.0,,,E,1.6,,Y,,,,,,,,,,,SHEET,1.6,1250.0,4880.0,,0,2.85714285714,3
,C,A,0.0,0.0,,S,2.0,0.0,,,E,1.6,,,,,,,,,,,,,COIL,0.7,610.0,0.0,,0,2.85714285714,3
,C,,0.0,50.0,T,,2.22524271845,0.0,,,G,1.6,,,Y,,,,,,,,,,COIL,0.601,1320.0,0.0,,0,2.85714285714,3
,C,A,0.0,0.0,,S,2.0,0.0,,,E,1.6,,,,,,,,,,,,,SHEET,0.7,1320.1,762.0,,0,2.85714285714,3
,C,R,0.0,0.0,,S,2.0,0.0,,,E,1.6,,,,M,,,,,,,,,COIL,3.201,385.1,0.0,,0,2.85714285714,3
,C,R,0.0,0.0,,S,2.0,0.0,,,E,1.6,,Y,,,,,,,,,,,SHEET,1.6,500.0,4880.0,,0,2.85714285714,3
,C,,0.0,0.0,,A,2.0,0.0,,,G,1.6,,,,,,,,,,,,,SHEET,0.7,1320.0,4880.0,,0,2.85714285714,3
,C,A,0.0,0.0,,S,2.0,0.0,,,G,1.6,,,,,,,,Y,,,,,COIL,0.4,609.9,0.0,,0,2.85714285714,3
,C,R,0.0,0.0,,S,3.0,0.0,,,,1.6,,,,,,,,,,,,,SHEET,1.6,610.0,4170.0,,0,2.85714285714,2
TN,C,,0.0,0.0,,A,1.0,0.0,,,,1.6,,,,,,,,,,Y,,,SHEET,1.6,610.0,762.0,,0,2.85714285714,5
,C,A,0.0,45.0,,S,2.22524271845,0.0,,,D,1.6,,,,B,Y,,,,,,,,SHEET,1.6,1300.0,4880.0,,0,2.85714285714,3
,C,R,0.0,0.0,,S,2.0,0.0,,,E,1.6,,,,,,,,,,,,Y,COIL,3.2,50.0,0.0,,0,2.85714285714,3
,C,A,0.0,80.0,T,,2.22524271845,0.0,,,G,1.6,,,,,,,,Y,,,,,COIL,0.5,29.0,0.0,,0,2.85714285714,3
,C,,0.0,0.0,,S,1.0,0.0,,,G,1.6,,,,B,Y,,,,,,,,SHEET,0.3,595.0,762.0,,0,2.85714285714,3
ZS,C,A,0.0,85.0,T,,2.22524271845,0.0,,,E,1.6,,,Y,,,,,Y,,,,,SHEET,1.2,1200.0,611.0,,0,2.85714285714,U
,C,A,0.0,60.0,T,,2.22524271845,0.0,,,G,1.6,,,,M,,,,,,,,,COIL,2.801,355.0,0.0,,0,2.85714285714,3
,C,A,0.0,85.0,T,,2.22524271845,0.0,,,G,1.6,,,,M,,,,,,,,,COIL,4.0,610.0,0.0,,500,2.85714285714,U
,C,A,0.0,0.0,,S,2.0,0.0,,,F,1.6,,Y,,,,,,,,,,,SHEET,0.699,609.9,0.0,,0,2.85714285714,3
,C,K,65.0,0.0,,,2.22524271845,0.0,,,,1.6,,,,M,,,,,,,,,COIL,1.5,900.0,0.0,,0,2.85714285714,3
,C,R,0.0,0.0,,S,2.0,0.0,,,E,1.6,,,Y,M,,,,,,,,,COIL,4.0,1000.0,0.0,,600,2.85714285714,3
ZS,C,R,0.0,0.0,,,2.22524271845,300.0,,,,1.6,,,,,,,,,Y,,,,COIL,0.8,915.0,0.0,,0,2.85714285714,1
,C,A,0.0,0.0,,S,2.0,0.0,,,E,1.6,,,Y,,,,,,,,,,COIL,0.7,610.0,0.0,,0,2.85714285714,3
,C,A,0.0,85.0,T,,2.22524271845,0.0,,,G,1.6,,,,M,,,,,,,,Y,COIL,3.201,610.0,0.0,,600,2.85714285714,U
,C,A,0.0,0.0,,S,3.0,0.0,N,,F,1.6,,,,,,,,,,,,,SHEET,1.0,1320.0,762.0,,0,2.85714285714,3
,C,R,0.0,0.0,,S,2.0,0.0,,,E,1.6,,,,B,,,,,,,,,COIL,0.4,1320.0,0.0,,0,2.85714285714,3
TN,C,A,0.0,0.0,,,3.0,0.0,N,,,1.6,,,,,,,,,,Y,,,SHEET,1.6,610.0,762.0,,0,2.85714285714,5
,C,A,0.0,0.0,,S,3.0,0.0,N,,E,1.6,,,,,,,,,,,,Y,COIL,0.7,610.0,0.0,,0,2.85714285714,3
ZS,C,A,0.0,85.0,T,,2.22524271845,0.0,,,E,1.6,,,Y,,,,,,,,,,SHEET,0.4,1220.0,0.0,,0,2.85714285714,U
,C,K,65.0,0.0,,,2.22524271845,0.0,,,,1.6,,,Y,M,,,,,,,,,COIL,3.2,900.0,0.0,,500,2.85714285714,3
TN,C,,0.0,0.0,,A,1.0,0.0,,,,1.6,,,,,,,,,,Y,,,SHEET,0.5,609.9,612.0,,0,2.85714285714,5
,C,R,0.0,0.0,,S,2.0,0.0,,,,1.6,,,,,Y,,,,,,,,SHEET,1.599,1500.0,612.0,,0,2.85714285714,2
,C,R,0.0,0.0,,S,2.0,0.0,,,,1.6,,,,,Y,,,,,,,,SHEET,0.8,1320.0,4880.0,,0,2.85714285714,2
,C,A,0.0,0.0,,S,3.0,0.0,N,,G,1.6,,,,,,,,,,,,,COIL,2.5,1320.0,0.0,,0,2.85714285714,3
,C,A,0.0,0.0,,S,3.0,0.0,N,,E,1.6,,,,,,,,Y,,,,,COIL,0.8,900.1,0.0,,0,2.85714285714,3
,C,R,0.0,0.0,,S,2.0,0.0,,,E,1.6,,,,M,,,,,,,,,COIL,4.0,385.1,0.0,,0,2.85714285714,3
,C,,0.0,0.0,,S,1.0,0.0,,,G,1.6,,,,B,Y,,,,,,,,SHEET,0.699,1300.0,762.0,,0,2.85714285714,3
,C,A,0.0,0.0,,S,2.0,0.0,,,F,1.6,,Y,,B,Y,,,,,,,,SHEET,0.6,610.0,4880.0,,0,2.85714285714,3
,C,A,0.0,0.0,,S,3.0,0.0,N,,E,1.6,,,,B,Y,,,Y,,,,,SHEET,0.7,375.0,612.0,,0,2.85714285714,3
,C,,0.0,0.0,,S,1.0,0.0,,,G,1.6,,,,,,,,Y,,,,,SHEET,0.4,610.0,762.0,,0,2.85714285714,3
,C,A,0.0,0.0,,S,2.0,0.0,,,E,1.6,,,,,,,,,,,,,COIL,0.3,1320.0,0.0,,0,2.85714285714,3
,C,R,0.0,0.0,,S,2.0,0.0,,,E,1.6,,,,,,,,,,,,,COIL,3.2,610.0,0.0,,0,3.0,3
,C,A,0.0,85.0,T,,2.22524271845,0.0,,,G,1.6,,,,,,,,,,,,,COIL,1.201,1220.0,0.0,Y,0,2.85714285714,U
,C,A,0.0,45.0,,S,2.22524271845,0.0,,,D,1.6,,,,,,,,,,,,,SHEET,0.7,1320.0,762.0,,0,2.85714285714,3
,C,R,0.0,0.0,,S,2.0,0.0,,,,1.6,,Y,,,,,,,,,,,COIL,0.8,610.0,0.0,,0,2.85714285714,2
,C,A,0.0,45.0,,S,2.22524271845,0.0,,,D,1.6,,,,,,,,,,,,,COIL,0.699,610.0,0.0,N,0,2.85714285714,3
,C,K,65.0,0.0,,,2.22524271845,0.0,,,,1.6,,,,,,,,,,,,,COIL,1.09,610.0,0.0,,0,2.85714285714,3
,C,A,0.0,45.0,,S,2.22524271845,0.0,,,D,1.6,,,,B,,,,,,,,,SHEET,0.3,610.0,4880.0,,0,2.85714285714,3
,C,A,0.0,0.0,,S,3.0,0.0,N,,E,1.6,,,,B,Y,,,Y,,,,,SHEET,1.2,609.9,612.0,,0,2.85714285714,3
,C,K,65.0,0.0,,,2.22524271845,0.0,,,,1.6,,,,,,,,,,,,Y,COIL,0.6,900.0,0.0,,0,2.85714285714,3
,C,R,0.0,0.0,,S,2.0,0.0,,,,1.6,,,,,,,,,,,,,SHEET,2.0,1500.0,612.0,,0,2.85714285714,2
,C,V,0.0,0.0,,S,2.0,0.0,,,,2.0,,,,,,,,,,,,,COIL,0.8,20.0,0.0,,0,2.85714285714,2
,C,K,45.0,0.0,,,2.22524271845,0.0,,,,1.6,,,,,,,,,,,,,COIL,0.6,900.0,0.0,,0,2.85714285714,3
,C,A,0.0,0.0,,S,2.0,0.0,,,F,1.6,,Y,,B,Y,,,,,,,,SHEET,0.999,1220.0,4880.0,,0,2.85714285714,3
,C,R,0.0,0.0,,S,2.0,0.0,,,E,1.6,,,,,Y,,,,,,,,SHEET,1.599,1320.0,4880.0,,0,2.85714285714,3
,C,R,0.0,0.0,,S,2.0,0.0,,,,1.6,,,,,Y,,,,,,,,SHEET,2.0,610.0,612.0,,0,2.85714285714,2
,C,R,6.0,0.0,T,,2.22524271845,0.0,,,,1.6,,,,,,,,,,,,,SHEET,0.6,610.0,762.0,,0,2.85714285714,3
,C,A,0.0,0.0,,S,2.0,0.0,,,F,1.6,,Y,,,Y,,,,,,,,SHEET,0.6,609.9,762.0,,0,2.85714285714,3
,C,M,0.0,0.0,,,2.22524271845,350.0,,,G,1.6,,,Y,,,,,,,,,,COIL,0.9,610.0,0.0,,0,2.85714285714,3
,C,R,0.0,0.0,,S,2.0,0.0,,,,1.6,,,Y,,,,,,,,,,SHEET,1.599,610.0,4880.0,,0,2.85714285714,2
,C,S,0.0,0.0,,,2.22524271845,700.0,,,,1.6,,,,,,,,,,,,,COIL,1.0,609.9,0.0,,0,2.85714285714,1
,C,M,0.0,0.0,,,2.22524271845,600.0,,,G,1.6,,,,,,,,,,,,,SHEET,0.9,1050.0,1220.0,,0,2.85714285714,2
,C,A,0.0,0.0,,S,3.0,0.0,N,,E,1.6,,,,,,,,,,,,,COIL,1.201,75.0,0.0,,0,2.85714285714,3
,C,M,0.0,0.0,,,2.22524271845,600.0,,,G,1.6,,,,,,,,,,,,,COIL,1.3,1090.0,0.0,,0,2.85714285714,2
,C,A,0.0,0.0,,S,2.0,0.0,,,E,1.6,,,,,,,,Y,,,,,COIL,0.7,20.0,0.0,,0,2.85714285714,3
,C,,0.0,0.0,,,2.22524271845,500.0,,P,,1.6,,,,,,,,,,,B,,SHEET,2.0,609.9,301.0,,0,2.85714285714,2
,C,A,0.0,85.0,T,,2.22524271845,0.0,,,G,1.6,,,,,,,,,,,,,COIL,1.201,610.0,0.0,Y,0,2.85714285714,U
TN,C,,0.0,0.0,,A,1.0,0.0,,,,1.6,,,,,,,,,,Y,,,COIL,0.799,249.9,0.0,,0,2.85714285714,5
,C,A,0.0,0.0,,S,2.0,0.0,,,E,1.6,,,,,Y,,,,,,,,SHEET,0.3,610.0,762.0,Y,0,2.85714285714,3
,C,A,0.0,45.0,,S,2.22524271845,0.0,,,D,1.6,,,,,,,,,,,,,SHEET,0.599,1320.0,761.0,,0,2.85714285714,3
,C,A,0.0,0.0,,S,2.0,0.0,,,E,1.6,,,Y,,,,,,,,,,COIL,0.699,1320.0,0.0,,0,2.85714285714,3
,C,K,55.0,0.0,,,2.22524271845,0.0,,,,1.6,,,,,,,,,,,,,COIL,1.09,610.0,0.0,,0,2.85714285714,3
,C,K,65.0,0.0,,,2.22524271845,0.0,,,,1.6,,,,,,,,,,,,,COIL,0.8,900.0,0.0,,0,2.85714285714,3
,C,A,0.0,0.0,,,2.22524271845,500.0,,,G,1.6,,,,,,,,,,,,,COIL,1.6,1320.0,0.0,,0,2.85714285714,3
,C,V,0.0,0.0,,S,2.0,0.0,,,,2.0,,,,,,,,,,,,,SHEET,1.599,1320.0,762.0,,0,2.85714285714,2
,C,A,0.0,0.0,,S,2.0,0.0,,,E,1.6,,Y,,,,,,,,,,,SHEET,3.2,1320.0,4880.0,,0,2.85714285714,3
,C,,0.0,0.0,,A,2.0,0.0,,,G,1.6,,,,,,,,Y,,,,,COIL,0.301,20.0,0.0,,0,2.85714285714,3
ZS,C,A,0.0,0.0,,S,3.0,0.0,N,,E,1.6,,,,,,,,,,,,,SHEET,0.7,335.0,612.0,,0,2.85714285714,3
,C,A,0.0,0.0,,S,2.0,0.0,,,E,1.6,,,,,,,,,,,,,SHEET,0.699,1320.0,762.0,Y,0,2.85714285714,3
,C,A,0.0,45.0,,S,2.22524271845,0.0,,,D,1.6,,,,B,Y,,,,,,,,SHEET,0.699,1220.0,761.0,,0,2.85714285714,3
,C,K,55.0,0.0,,,2.22524271845,0.0,,,,1.6,,,,,,,,,,,,,COIL,1.09,900.0,0.0,,0,2.85714285714,3
,C,A,0.0,60.0,T,,2.22524271845,0.0,,,G,1.6,,,,B,Y,,,Y,,,,,SHEET,0.801,255.1,269.0,,0,2.85714285714,3
ZS,C,A,0.0,85.0,T,,2.22524271845,0.0,,,E,1.6,,,Y,,,,,Y,,,,,SHEET,1.2,600.0,150.0,,0,2.85714285714,U
,C,A,0.0,0.0,,S,2.0,0.0,,,G,1.6,,,,,,,,,,,,,SHEET,0.699,610.0,762.0,N,0,2.85714285714,3
,C,R,0.0,0.0,,S,3.0,0.0,,,,1.6,,,,,,,,,,,,,SHEET,1.6,831.9,881.0,,0,2.85714285714,2
ZS,C,R,0.0,0.0,,A,2.0,0.0,,,G,1.6,,,,,,,,,,,,,COIL,0.699,20.0,0.0,,0,2.85714285714,3
,C,A,0.0,0.0,,S,2.0,0.0,,,E,1.6,,,,,,,,Y,,,,,COIL,0.321,610.0,0.0,,0,2.85714285714,3
,C,W,0.0,0.0,,,2.22524271845,310.0,,,G,1.6,,,,,,,,,,,,,SHEET,0.8,1275.0,4880.0,,0,2.85714285714,3
,C,A,0.0,0.0,,S,2.0,0.0,,,F,1.6,,Y,,,Y,,,,,,,,SHEET,0.699,1220.0,4880.0,,0,2.85714285714,3
,C,R,0.0,0.0,,S,2.0,0.0,,,E,1.6,,,,B,Y,,,,,,,,SHEET,0.699,595.0,762.0,,0,2.85714285714,3
,C,K,55.0,0.0,,,2.22524271845,0.0,,,,1.6,,,,M,,,,,,,,,COIL,2.2,900.0,0.0,,0,2.85714285714,3
ZS,C,A,0.0,0.0,,S,5.0,0.0,N,,E,1.6,,,,,,,,,,,,,COIL,1.201,50.0,0.0,,0,2.85714285714,3
,C,R,0.0,0.0,,S,2.0,0.0,,,,1.6,,,,,,,,,,,,,SHEET,1.2,335.0,3000.0,,0,2.85714285714,2
,C,M,0.0,0.0,,,2.22524271845,350.0,,,G,1.6,,,Y,M,,,,,,,,,COIL,1.4,1310.0,0.0,,0,2.85714285714,3
,C,R,0.0,0.0,,S,2.0,0.0,,,,1.6,,,Y,,,,,,,,,,SHEET,0.8,610.0,762.0,,0,2.85714285714,2
TN,C,A,0.0,0.0,,,3.0,0.0,N,,,1.6,,,,,,,P,,,,,,SHEET,0.5,610.0,762.0,,0,2.85714285714,5
,C,A,0.0,60.0,T,,2.22524271845,0.0,,,G,1.6,,,,,,,,,,,,Y,COIL,2.8,610.0,0.0,,600,2.85714285714,3
,C,A,0.0,0.0,,S,2.0,0.0,,,G,1.6,,,,B,,,,,,,,,COIL,0.799,1300.0,0.0,,0,2.85714285714,3
,C,R,0.0,0.0,,S,2.0,0.0,,,,1.6,,,,,,,,,,,,,SHEET,1.6,1500.0,612.0,,0,2.85714285714,2
,C,R,0.0,0.0,,S,2.0,0.0,,,E,1.6,,,,,,,,Y,,,,,SHEET,1.2,609.9,4170.0,,0,2.85714285714,3
,C,A,0.0,0.0,,S,2.0,0.0,,,E,1.6,,,,,,,,,,,,Y,COIL,3.201,152.0,0.0,,0,2.85714285714,3
,C,A,0.0,0.0,,S,3.0,0.0,N,,E,1.6,,,,,,,,,,,,,SHEET,0.601,1320.0,4880.0,,0,2.85714285714,3
,C,A,0.0,0.0,,S,2.0,0.0,,,G,1.6,,,,,,,,,,,,,SHEET,0.4,1320.0,4880.0,N,0,2.85714285714,3
,C,R,0.0,0.0,,S,2.0,0.0,,,E,1.6,,,,,Y,,,,,,,,SHEET,0.7,610.0,762.0,,0,2.85714285714,3
,C,A,0.0,0.0,,S,3.0,0.0,N,,E,1.6,,,,,,,,,,,,,SHEET,1.0,1320.0,762.0,,0,2.85714285714,3
,C,A,0.0,80.0,T,,2.22524271845,0.0,,,G,1.6,,,,,,,,,,,,,SHEET,1.6,1320.0,612.0,Y,0,2.85714285714,U
,C,A,0.0,0.0,,,2.22524271845,500.0,,,G,1.6,,,,,,,,,,,,,COIL,1.6,1525.0,0.0,,0,2.85714285714,3
,C,R,0.0,0.0,,S,3.0,0.0,,,,1.6,,,,,,,,,,,,,SHEET,2.0,610.0,4170.0,,0,2.85714285714,2
,C,,0.0,0.0,,S,1.0,0.0,,,G,1.6,,,,,,,,,,,,,COIL,0.799,20.0,0.0,,0,2.85714285714,3
,C,R,0.0,0.0,,S,2.0,0.0,,,,1.6,,,,B,Y,,,,,,,,SHEET,0.8,1300.0,762.0,,0,2.85714285714,2
TN,C,A,0.0,0.0,,,3.0,0.0,N,,,1.6,,,,,,,,,,Y,,,SHEET,0.6,610.0,300.0,,0,2.85714285714,5
TN,C,,0.0,0.0,,A,1.0,0.0,,,,1.6,,,,,,,,,,Y,,,COIL,1.6,610.0,0.0,,0,2.85714285714,5
,C,A,0.0,0.0,,S,2.0,0.0,,,E,1.6,,Y,,,Y,,,,,,,,SHEET,0.699,1320.0,762.0,Y,0,2.85714285714,3
,C,A,0.0,70.0,T,,2.22524271845,0.0,,,G,1.6,,,Y,,,,,,,,,,COIL,2.5,610.0,0.0,,600,2.85714285714,3
ZS,C,A,0.0,50.0,T,,2.22524271845,0.0,,,E,1.6,,Y,,,,,,Y,,,,,COIL,0.451,20.0,0.0,,0,2.85714285714,3
,C,R,0.0,0.0,,S,2.0,0.0,,,E,1.6,,,,B,Y,,,,,,,,SHEET,0.699,1320.0,761.0,,0,2.85714285714,3
,C,A,0.0,0.0,,S,2.0,0.0,,,F,1.6,,Y,,,,,,,,,,,SHEET,0.6,300.1,762.0,,0,2.85714285714,3
,C,A,4.0,0.0,T,,2.22524271845,0.0,,,G,1.6,,,,B,,,,,,,,,COIL,0.5,25.0,0.0,,0,2.85714285714,3
,C,R,0.0,0.0,,S,2.0,0.0,,,E,1.6,,,,M,,,,,,,,,COIL,3.5,1000.0,0.0,,600,2.85714285714,3
,C,A,0.0,70.0,T,,2.22524271845,0.0,,,G,1.6,,,,,,,,,,,,,COIL,0.8,50.0,0.0,,0,2.85714285714,3
,C,R,0.0,0.0,,S,2.0,0.0,,,E,1.6,,Y,,,,,,,,,,,COIL,1.6,1320.0,0.0,,0,2.85714285714,3
,C,,0.0,0.0,,S,1.0,0.0,,,G,1.6,,,,,,,,Y,,,,,COIL,0.3,609.9,0.0,,0,2.85714285714,3
,C,R,0.0,0.0,,S,3.0,0.0,,,E,1.6,,,,,,,,,,,,,SHEET,1.6,609.9,612.0,,0,2.85714285714,3
,C,A,0.0,0.0,,S,3.0,0.0,N,,F,1.6,,,,B,Y,,,Y,,,,,SHEET,0.6,610.0,4170.0,,0,2.85714285714,3
,C,A,0.0,50.0,T,,2.22524271845,0.0,,,G,1.6,,,,,,,,,,,,Y,COIL,3.2,610.0,0.0,,0,2.85714285714,3
,C,A,0.0,70.0,T,,2.22524271845,0.0,,,G,1.6,,,,,,,,,,,,,COIL,0.6,610.0,0.0,,0,2.85714285714,3
,C,A,0.0,60.0,T,,2.22524271845,0.0,,,G,1.6,,,,M,,,,,,,,,COIL,4.0,385.1,0.0,,0,2.85714285714,3
,C,A,0.0,70.0,T,,2.22524271845,0.0,,,G,1.6,,,,,,,,,,,,Y,COIL,0.6,1320.0,0.0,,600,2.85714285714,3
,C,K,45.0,0.0,,,2.22524271845,0.0,,,,1.6,,,Y,M,,,,,,,,,COIL,2.2,640.0,0.0,,0,2.85714285714,3
,C,A,0.0,0.0,,S,2.0,0.0,,,G,1.6,,,,,,,,,,,,,COIL,0.699,20.0,0.0,,0,2.85714285714,3
,C,A,0.0,0.0,,S,2.0,0.0,,,E,1.6,,,,B,,,,,,,,,COIL,0.699,1320.0,0.0,,0,2.85714285714,3
,C,A,0.0,0.0,,S,3.0,0.0,N,,E,1.6,,,,,,,,,,,,,SHEET,1.0,1320.0,4880.0,,0,2.85714285714,3
TN,C,A,0.0,0.0,,S,3.0,0.0,N,,,1.6,,,,,,,,,,,,,COIL,1.2,609.9,0.0,,0,2.85714285714,5
,C,K,65.0,0.0,,,2.22524271845,0.0,,,,1.6,,,,,,,,,,,,,COIL,1.0,610.0,0.0,,0,2.85714285714,3
,C,K,55.0,0.0,,,2.22524271845,0.0,,,,1.6,,,Y,M,,,,,,,,Y,COIL,1.5,900.0,0.0,,0,2.85714285714,3
,C,K,45.0,0.0,,,2.22524271845,0.0,,,,1.6,,,,,,,,,,,,,COIL,3.2,900.0,0.0,,0,2.85714285714,3
,C,A,0.0,0.0,,S,2.0,0.0,,,E,1.6,,,,,,,,,,,,,SHEET,0.699,610.0,762.0,N,0,2.85714285714,3
ZS,C,R,0.0,0.0,,A,2.0,0.0,,,G,1.6,,,,,,,,,,,,,COIL,0.699,609.9,0.0,,0,2.85714285714,3
,C,R,0.0,0.0,,S,2.0,0.0,,,E,1.6,,Y,,,,,,,,,,,SHEET,0.3,1320.0,762.0,Y,0,2.85714285714,3
,C,W,0.0,0.0,,,2.22524271845,310.0,,,G,1.6,,,,,,,,,,,,,SHEET,2.501,1275.0,4880.0,,0,2.85714285714,3
ZS,C,A,0.0,85.0,T,,2.22524271845,0.0,,,E,1.6,,,Y,,,,,,,,,,SHEET,1.0,1220.0,762.0,,0,2.85714285714,U
,C,A,0.0,45.0,,S,2.22524271845,0.0,,,D,1.6,,,,,,,,,,,,,SHEET,0.7,610.0,759.0,,0,2.85714285714,3
,C,A,0.0,85.0,T,,2.22524271845,0.0,,,G,1.6,,,,,,,,,,,,,SHEET,3.2,200.1,4880.0,,0,2.85714285714,U
,C,A,0.0,0.0,,S,2.0,0.0,,,E,1.6,,,,,,,,,,,,,COIL,0.4,609.9,0.0,,0,2.85714285714,3
TN,C,A,0.0,0.0,,,3.0,0.0,N,,,1.6,,,,,,,,,,Y,,,SHEET,0.6,335.0,3000.0,,0,2.85714285714,5
ZS,C,A,0.0,50.0,T,,2.22524271845,0.0,,,E,1.6,,,,B,,,,,,,,,SHEET,0.6,1250.0,4880.0,,0,2.85714285714,3
,C,R,0.0,0.0,,S,2.0,0.0,,,E,1.6,,,,B,Y,,,Y,,,,,SHEET,0.7,1300.0,762.0,,0,2.85714285714,3
TN,C,A,0.0,0.0,,,3.0,0.0,N,,,1.6,,,,,,C,,,,,,,SHEET,0.6,610.0,612.0,,0,2.85714285714,5
,C,R,0.0,0.0,,S,2.0,0.0,,,E,1.6,,Y,,,,,,,,,,,SHEET,3.2,610.0,4880.0,,0,2.85714285714,3
,C,,0.0,0.0,,S,1.0,0.0,,,G,1.6,,,,,,,,Y,,,,,SHEET,0.3,610.0,762.0,,0,2.85714285714,3
,C,A,0.0,0.0,,S,3.0,0.0,N,,E,1.6,,,,,,,,,,,,,COIL,0.6,609.0,0.0,,0,2.85714285714,3
ZS,C,A,0.0,85.0,T,,2.22524271845,0.0,,,E,1.6,,,Y,,,,,Y,,,,,SHEET,1.2,1200.0,150.0,,0,2.85714285714,U
,C,A,0.0,85.0,T,,2.22524271845,0.0,,,G,1.6,,,,,,,,,,,,,COIL,1.2,609.9,0.0,,0,2.85714285714,U
,C,A,0.0,0.0,,S,3.0,0.0,N,,E,1.6,,,,B,Y,,,Y,,,,,SHEET,0.7,609.9,4170.0,,0,2.85714285714,3
,C,R,0.0,0.0,,S,2.0,0.0,,,,1.6,,,,B,,,,,,,,,SHEET,1.599,1300.0,4880.0,,0,2.85714285714,2
,C,A,0.0,0.0,,S,2.0,0.0,,,E,1.6,,,,B,,,,,,,,,COIL,0.699,20.0,0.0,,0,2.85714285714,3
,C,R,0.0,0.0,,S,2.0,0.0,,,E,1.6,,,,,,,,,,,,,COIL,0.699,1320.0,0.0,,0,2.85714285714,3
,C,,0.0,0.0,,S,1.0,0.0,,,G,1.6,,,,B,Y,,,,,,,,SHEET,0.3,1300.0,762.0,,0,2.85714285714,3
,C,R,0.0,0.0,,S,2.0,0.0,,,E,1.6,,,,,Y,,,Y,,,,,SHEET,1.2,1320.0,4170.0,,0,2.85714285714,3
,C,A,0.0,0.0,,S,2.0,0.0,,,F,1.6,,Y,,B,,,,,,,,,SHEET,0.6,520.0,4880.0,,0,2.85714285714,3
,C,A,0.0,0.0,,S,2.0,0.0,,,G,1.6,,,Y,,,,,,,,,,COIL,0.3,610.0,0.0,,0,2.85714285714,3
,C,A,0.0,0.0,,S,3.0,0.0,N,,E,1.6,,,,,,,,,,,,,SHEET,0.601,610.0,4880.0,,0,2.85714285714,3
TN,C,,0.0,0.0,,A,1.0,0.0,,,,1.6,,,,,,,P,,,,,,SHEET,1.6,610.0,762.0,,0,2.85714285714,5
,C,A,0.0,0.0,,S,2.0,0.0,,,E,1.6,,,,,,,,Y,,,,,COIL,0.6,609.9,0.0,,0,2.85714285714,3
,C,A,0.0,45.0,,S,2.22524271845,0.0,,,D,1.6,,,,,,,,,,,,,SHEET,0.3,519.9,762.0,,0,2.85714285714,3
,C,R,0.0,0.0,,S,3.0,0.0,,,E,1.6,,,,,,,,,,,,,COIL,1.0,75.0,0.0,,0,2.85714285714,3
,C,K,55.0,0.0,,,2.22524271845,0.0,,,,1.6,,,,M,,,,,,,,,COIL,2.3,900.0,0.0,,500,2.85714285714,3
,C,A,0.0,0.0,,S,2.0,0.0,,,E,1.6,,,,,,,,,,,,,SHEET,0.3,610.0,4880.0,Y,0,2.85714285714,3
,C,A,0.0,60.0,T,,2.22524271845,0.0,,,G,1.6,,,,B,Y,,,Y,,,,,SHEET,0.8,356.1,762.0,,0,2.85714285714,3
,C,R,0.0,0.0,,S,2.0,0.0,,,,1.6,,,Y,,,,,,,,,,SHEET,0.8,1300.0,4880.0,,0,2.85714285714,2
,C,A,0.0,85.0,T,,2.22524271845,0.0,,,G,1.6,,,,,,,,,,,,,COIL,3.201,190.0,0.0,,0,2.85714285714,U
,C,W,0.0,0.0,,,2.22524271845,310.0,,,G,1.6,,,,,,,,,,,,,COIL,2.501,600.1,0.0,,0,2.85714285714,3
,C,A,0.0,0.0,,S,2.0,0.0,,,F,1.6,,Y,,,,,,,,,,,SHEET,0.999,610.0,762.0,,0,2.85714285714,3
TN,C,A,0.0,0.0,,,3.0,0.0,N,,,1.6,,,,,,,,,,Y,,,COIL,1.2,609.9,0.0,,0,2.85714285714,5
,C,A,0.0,60.0,T,,2.22524271845,0.0,,,G,1.6,,,,,,,,,,,,Y,COIL,0.799,609.9,0.0,,0,2.85714285714,3
,C,R,0.0,0.0,,S,2.0,0.0,,,E,1.6,,,,B,Y,,,,,,,,SHEET,0.699,610.0,150.0,,0,2.85714285714,3
,C,V,0.0,0.0,,S,2.0,0.0,,,,1.0,,,,,,,,,,,,,COIL,0.7,1320.0,0.0,,0,2.85714285714,3
,C,K,45.0,0.0,,,2.22524271845,0.0,,,,1.6,,,Y,M,,,,,,,,,COIL,1.5,640.0,0.0,,0,2.85714285714,3
,C,A,0.0,0.0,,,2.22524271845,500.0,,,G,1.6,,,,,,,,,,,,,COIL,1.6,610.0,0.0,,0,2.85714285714,3
,C,R,0.0,0.0,,S,2.0,0.0,,,E,1.6,,Y,,,,,,,,,,,SHEET,3.2,1320.0,762.0,,0,2.85714285714,3
,C,,0.0,0.0,,S,1.0,0.0,,,G,1.6,,,,B,Y,,,,,,,,SHEET,0.301,500.0,4120.0,Y,0,2.85714285714,3
,C,K,45.0,0.0,,,2.22524271845,0.0,,,,1.6,,,,M,,,,,,,,,COIL,3.2,900.0,0.0,,0,2.85714285714,3
,C,,0.0,45.0,,S,2.22524271845,0.0,,,E,1.6,,,,,,,,Y,,,,,SHEET,0.7,1320.0,762.0,,0,2.85714285714,3
,C,R,0.0,0.0,,S,2.0,0.0,,,,1.6,,,,,Y,,,,,,,,SHEET,2.0,610.0,4170.0,,0,2.85714285714,2
,C,K,65.0,0.0,,,2.22524271845,0.0,,,,1.6,,,,,,,,,,,,Y,COIL,1.0,610.0,0.0,,0,2.85714285714,3
,C,K,65.0,0.0,,,2.22524271845,0.0,,,,1.6,,,,M,,,,,,,,,COIL,2.3,640.0,0.0,,500,2.85714285714,3
,C,R,0.0,0.0,,S,2.0,0.0,,,,1.6,,,,,Y,,,,,,,,SHEET,1.6,610.0,612.0,,0,2.85714285714,2
,C,R,0.0,0.0,,S,3.0,0.0,,,,1.6,,,,,,,,,,,,,SHEET,0.8,610.0,762.0,,0,2.85714285714,2
,C,A,0.0,0.0,,S,2.0,0.0,,,F,1.6,,,,,,,,,,,,,SHEET,0.6,520.0,762.0,,0,2.85714285714,3
ZS,C,A,0.0,0.0,,S,5.0,0.0,N,,E,1.6,,,,,,,,,,,,,COIL,0.8,609.9,0.0,,0,2.85714285714,3
TN,C,A,0.0,0.0,,,3.0,0.0,N,,,1.6,,,,B,,C,,,,,,,COIL,1.6,600.1,0.0,,0,2.85714285714,5
,C,V,0.0,0.0,,S,2.0,0.0,,,,2.0,,,,,,,,,,,,,SHEET,0.8,1320.0,4880.0,,0,2.85714285714,2
,C,R,0.0,0.0,,S,2.0,0.0,,,E,1.6,,Y,,B,Y,,,,,,,,SHEET,1.601,610.0,762.0,,0,2.85714285714,3
,C,R,0.0,0.0,,S,2.0,0.0,,,E,1.6,,,,,Y,,,,,,,,SHEET,0.7,1320.0,762.0,,0,2.85714285714,3
TN,C,A,0.0,0.0,,,3.0,0.0,N,,,1.6,,,,,,C,,,,,,,SHEET,1.6,1220.0,612.0,,0,2.85714285714,5
,C,A,0.0,45.0,,S,2.22524271845,0.0,,,D,1.6,,Y,,,,,,,,,,,SHEET,0.699,610.0,4880.0,N,0,2.85714285714,3
,C,A,0.0,0.0,,S,2.0,0.0,,,F,1.6,,Y,,B,,,,,,,,,SHEET,0.6,609.9,762.0,,0,2.85714285714,3
ZS,C,A,0.0,0.0,,S,5.0,0.0,N,,E,1.6,,,,,,,,,,,,,COIL,0.7,20.0,0.0,,0,2.85714285714,3
,C,R,0.0,0.0,,S,2.0,0.0,,,,1.6,,,,,,,,,,,,,COIL,0.8,1320.0,0.0,,0,2.85714285714,2
,C,R,0.0,0.0,,S,2.0,0.0,,,E,1.6,,Y,,,,,,,,,,,COIL,0.8,609.9,0.0,,0,2.85714285714,3
,C,A,0.0,0.0,,S,3.0,0.0,N,,E,1.6,,,,,,,,,,,,,COIL,0.601,610.0,0.0,,0,2.85714285714,3
,C,R,0.0,0.0,,S,2.0,0.0,,,,1.6,,,,,,,,,,,,,SHEET,0.8,610.0,762.0,,0,2.85714285714,2
,C,W,0.0,0.0,,,2.22524271845,310.0,,,G,1.6,,,,,,,,,,,,,SHEET,1.599,1275.0,762.0,,0,2.85714285714,3
,C,,0.0,0.0,,S,1.0,0.0,,,G,1.6,,,,,,,,Y,,,,,SHEET,0.4,1220.0,4170.0,,0,2.85714285714,3
ZS,C,A,0.0,0.0,,S,3.0,0.0,N,,E,1.6,,,,,,,,,,,,,COIL,0.799,20.0,0.0,,0,2.85714285714,3
,C,K,45.0,0.0,,,2.22524271845,0.0,,,,1.6,,,,,,,,,,,,,COIL,1.5,640.0,0.0,,0,2.85714285714,3
,C,R,6.0,0.0,T,,2.22524271845,0.0,,,,1.6,,,,,,,,,,,,,SHEET,1.0,1320.0,762.0,,0,2.85714285714,3
,C,R,0.0,0.0,,S,2.0,0.0,,,E,1.6,,,,B,Y,,,Y,,,,,SHEET,1.599,610.0,762.0,,0,2.85714285714,3
,C,K,45.0,0.0,,,2.22524271845,0.0,,,,1.6,,,,M,,,,,,,,,COIL,3.2,900.0,0.0,,600,2.85714285714,3
,C,A,0.0,0.0,,S,2.0,0.0,,,E,1.6,,,,,,,,,,,,,COIL,0.301,610.0,0.0,N,0,2.85714285714,3
TN,C,A,0.0,0.0,,,3.0,0.0,N,,,1.6,,,,,,C,,,,,,,SHEET,0.6,609.9,1.0,,0,2.85714285714,5
ZS,C,A,0.0,50.0,T,,2.22524271845,0.0,,,E,1.6,,,,,,,,,,,,,COIL,0.3,1250.0,0.0,,0,2.85714285714,3
ZS,C,A,0.0,50.0,T,,2.22524271845,0.0,,,E,1.6,,Y,,,,,,,,,,,COIL,0.3,610.0,0.0,,0,2.85714285714,3
,C,,0.0,0.0,,,2.22524271845,500.0,,P,,1.6,,,,,,,,,,,B,,SHEET,2.0,300.1,301.0,,0,2.85714285714,2
,C,R,0.0,0.0,,S,2.0,0.0,,,E,1.6,,Y,,B,Y,,,,,,,,SHEET,1.599,1300.0,762.0,,0,2.85714285714,3
,C,A,0.0,0.0,,S,2.0,0.0,,,G,1.6,,Y,,B,Y,,,,,,,,SHEET,0.7,610.0,4880.0,,0,2.85714285714,3
,C,A,0.0,0.0,,S,2.0,0.0,,,E,1.6,,,,,,,,Y,,,,,COIL,1.2,599.9,0.0,,0,2.85714285714,3
,C,A,0.0,60.0,T,,2.22524271845,0.0,,,G,1.6,,,,B,Y,,,Y,,,,,SHEET,0.8,356.1,4880.0,,0,2.85714285714,3
,C,R,0.0,0.0,,S,2.0,0.0,,,E,1.6,,Y,,B,Y,,,,,,,,SHEET,1.601,610.0,4880.0,,0,2.85714285714,3
,C,R,0.0,0.0,,A,3.0,0.0,,,G,1.6,,,,,,,,,,,,,COIL,0.601,610.0,0.0,,0,2.85714285714,3
,C,A,0.0,0.0,,S,2.0,0.0,,,G,1.6,,,,,,,,,,,,Y,COIL,0.699,20.0,0.0,,0,2.85714285714,3
,C,A,0.0,0.0,,S,3.0,0.0,N,,F,1.6,,,,B,Y,,,Y,,,,,SHEET,1.2,610.0,762.0,,0,2.85714285714,3
,C,A,0.0,0.0,,S,3.0,0.0,N,,E,1.6,,,,,,,,,,,,,COIL,0.6,610.0,0.0,,0,2.85714285714,3
,C,A,0.0,60.0,T,,2.22524271845,0.0,,,G,1.6,,,,B,Y,,,Y,,,,,SHEET,0.801,356.0,762.0,,0,2.85714285714,3
,C,W,0.0,0.0,,,2.22524271845,310.0,,,G,1.6,,,,,,,,,,,,,SHEET,2.5,610.0,762.0,,0,2.85714285714,3
,C,R,0.0,0.0,,S,2.0,0.0,,,E,1.6,,,,B,Y,,,,,,,,SHEET,0.699,609.0,612.0,,0,2.85714285714,3
,C,,0.0,0.0,T,S,2.0,0.0,,,,1.6,,,,,,,,,,,,,COIL,3.2,610.0,0.0,,0,2.85714285714,3
,C,,0.0,0.0,,,2.22524271845,500.0,,P,,1.6,,,,,,,,,,,,,SHEET,2.0,300.1,301.0,,0,2.85714285714,2
,C,A,0.0,0.0,,S,3.0,0.0,N,,G,1.6,,,,,,,,,,,,,COIL,1.0,1320.0,0.0,,0,2.85714285714,3
,C,,0.0,0.0,,,2.22524271845,500.0,,P,,1.6,,,,,,,,,,,,,SHEET,1.6,610.0,762.0,,0,2.85714285714,2
,C,A,0.0,0.0,,S,2.0,0.0,,,F,1.6,,Y,,B,Y,,,,,,,,SHEET,0.6,1320.0,301.0,,0,2.85714285714,3
,C,A,0.0,0.0,,S,2.0,0.0,,,E,1.6,,,,,,,,,,,,,COIL,3.2,609.9,0.0,,0,2.85714285714,3
,C,A,0.0,45.0,,S,2.22524271845,0.0,,,D,1.6,,,,,,,,,,,,,COIL,0.7,610.0,0.0,,0,2.85714285714,3
,C,A,0.0,85.0,T,,2.22524271845,0.0,,,G,1.6,,,,,,,,,,,,,COIL,1.001,609.9,0.0,,0,2.85714285714,U
,C,A,0.0,0.0,,S,2.0,0.0,,,F,1.6,,Y,,,Y,,,,,,,,SHEET,0.699,519.0,762.0,,0,2.85714285714,3
,C,K,65.0,0.0,,,2.22524271845,0.0,,,,1.6,,,,,,,,,,,,,COIL,3.0,65.1,0.0,,0,2.85714285714,3
,C,R,0.0,0.0,,S,2.0,0.0,,,E,1.6,,,,B,Y,,,Y,,,,,SHEET,1.599,610.0,4170.0,,0,2.85714285714,3
,C,A,0.0,0.0,,S,2.0,0.0,,,E,1.6,,,,B,,,,,,,,,SHEET,0.7,609.9,4880.0,,0,2.85714285714,3
,C,,0.0,50.0,T,,2.22524271845,0.0,,,G,1.6,,,,,,,,,,,,Y,COIL,0.6,610.0,0.0,,0,2.85714285714,3
,C,A,0.0,0.0,,S,2.0,0.0,,,E,1.6,,,,,Y,,,,,,,,SHEET,0.7,1320.0,762.0,,0,2.85714285714,3
,C,K,45.0,0.0,,,2.22524271845,0.0,,,,1.6,,,,,,,,,,,,Y,COIL,0.6,610.0,0.0,,0,2.85714285714,3
,C,R,0.0,0.0,,S,2.0,0.0,,,E,1.6,,,,,,,,Y,,,,,COIL,0.7,1220.0,0.0,,0,2.85714285714,3
,C,A,0.0,0.0,,S,2.0,0.0,,,F,1.6,,Y,,B,,,,,,,,,SHEET,0.6,520.0,762.0,,0,2.85714285714,3
,C,A,0.0,45.0,,S,2.22524271845,0.0,,,D,1.6,,,,B,,,,,,,,,SHEET,0.3,1320.0,762.0,,0,2.85714285714,3
,C,A,0.0,0.0,,S,2.0,0.0,,,G,1.6,,,,,,,,,,,,,SHEET,0.4,1320.0,762.0,N,0,2.85714285714,3
TN,C,,0.0,0.0,,A,1.0,0.0,,,,1.6,,,,,,,,,,Y,,,SHEET,0.5,1220.0,4880.0,,0,2.85714285714,5
,C,A,0.0,0.0,,S,2.0,0.0,,,G,1.6,,,,,,,,,,,,,COIL,3.201,0.0,0.0,,0,2.85714285714,3
ZS,C,R,0.0,0.0,,A,2.0,0.0,,,G,1.6,,,,,,,,,,,,,COIL,0.699,1250.0,0.0,,0,2.85714285714,3
,C,K,55.0,0.0,,,2.22524271845,0.0,,,,1.6,,,Y,M,,,,,,,,Y,COIL,3.2,640.0,0.0,,600,2.85714285714,3
TN,C,,0.0,0.0,,A,1.0,0.0,,,,1.6,,,,,,,,,,Y,,,COIL,0.8,50.0,0.0,,0,2.85714285714,5
,C,A,0.0,0.0,,S,3.0,0.0,N,,E,1.6,,,,,,,,,,,,,SHEET,1.0,610.0,762.0,,0,2.85714285714,3
TN,C,A,0.0,0.0,,S,3.0,0.0,N,,,1.6,,,,,,,,,,,,,COIL,1.6,609.9,0.0,,0,2.85714285714,5
,C,A,0.0,60.0,T,,2.22524271845,0.0,,,G,1.6,,,,,,,,,,,,,COIL,0.799,20.0,0.0,,0,2.85714285714,3
,C,R,0.0,0.0,,S,3.0,0.0,,,E,1.6,,,,,,,,,,,,,COIL,0.601,610.0,0.0,,0,3.0,3
,C,,0.0,0.0,,S,1.0,0.0,,,G,1.6,,,,,,,,,,,,,SHEET,0.3,1320.0,762.0,Y,0,2.85714285714,3
,C,R,0.0,0.0,,S,2.0,0.0,,,E,1.6,,Y,,B,Y,,,,,,,,SHEET,0.7,610.0,762.0,,0,2.85714285714,3
,C,A,0.0,0.0,,S,2.0,0.0,,,G,1.6,,,,,,,,,,,,Y,COIL,0.699,609.9,0.0,,0,2.85714285714,3
,C,A,0.0,80.0,T,,2.22524271845,0.0,,,G,1.6,,,,,,,,Y,,,,,COIL,0.5,28.0,0.0,,0,2.85714285714,3
,C,A,0.0,0.0,,S,2.0,0.0,,,G,1.6,,,,B,Y,,,Y,,,,,SHEET,0.7,610.0,4170.0,,0,2.85714285714,3
,C,A,0.0,45.0,,S,2.22524271845,0.0,,,D,1.6,,,,B,Y,,,,,,,,SHEET,0.4,1220.0,761.0,,0,2.85714285714,3
,C,R,0.0,0.0,,S,2.0,0.0,,,E,1.6,,,,B,Y,,,,,,,,SHEET,0.4,610.0,150.0,,0,2.85714285714,3
,C,,0.0,0.0,,S,1.0,0.0,,,G,1.6,,,,,,,,,,,,,SHEET,0.3,610.0,761.0,,0,2.85714285714,3
,C,A,0.0,85.0,T,,2.22524271845,0.0,,,G,1.6,,,,M,,,,,,,,Y,COIL,4.0,1000.0,0.0,,600,2.85714285714,U
,C,R,6.0,0.0,T,,2.22524271845,0.0,,,,1.6,,,,,,,,,,,,,SHEET,1.0,610.0,4880.0,,0,2.85714285714,3
,C,A,0.0,45.0,,S,2.22524271845,0.0,,,D,1.6,,,,,,,,,,,,,SHEET,1.6,610.0,4880.0,,0,2.85714285714,3
,C,R,0.0,0.0,,S,3.0,0.0,,,,1.6,,,,,,,,,,,,,SHEET,0.8,609.9,762.0,,0,2.85714285714,2
,C,A,0.0,50.0,T,,2.22524271845,0.0,,,G,1.6,,,Y,,,,,,,,,Y,COIL,0.601,610.0,0.0,,0,2.85714285714,3
,C,R,0.0,0.0,,S,2.0,0.0,,,E,1.6,,,,,Y,,,,,,,,SHEET,0.699,1320.0,762.0,Y,0,2.85714285714,3
,C,A,0.0,60.0,T,,2.22524271845,0.0,,,G,1.6,,,,,,,,,,,,,COIL,4.0,50.0,0.0,,0,2.85714285714,3
,C,W,0.0,0.0,,,2.22524271845,310.0,,,G,1.6,,,,,,,,,,,,,SHEET,2.5,1274.9,762.0,,0,2.85714285714,3
,C,R,0.0,0.0,,S,3.0,0.0,,,,1.6,,,,,,,,,,,,,SHEET,1.599,150.0,762.0,,0,2.85714285714,2
,C,R,0.0,0.0,,S,3.0,0.0,,,,1.6,,,,,,,,,,,,,SHEET,1.601,830.0,881.0,,0,2.85714285714,2
,C,A,0.0,0.0,,S,2.0,0.0,,,E,1.6,,Y,,,,,,,,,,,COIL,1.6,60.0,0.0,,0,2.85714285714,3
,C,A,0.0,70.0,T,,2.22524271845,0.0,,,G,1.6,,,,,,,,,,,,,COIL,0.801,1320.0,0.0,,600,2.85714285714,3
,C,R,0.0,0.0,,S,2.0,0.0,,,,1.6,,,,,,,,,,,,,COIL,1.599,610.0,0.0,,0,2.85714285714,2
,C,,0.0,0.0,,S,1.0,0.0,,,G,1.6,,,,,,,,Y,,,,,SHEET,0.3,1220.0,4170.0,,0,2.85714285714,3
,C,R,0.0,0.0,,S,2.0,0.0,,,E,1.6,,Y,,,Y,,,,,,,,SHEET,1.601,150.0,4880.0,,0,2.85714285714,3
,C,A,0.0,60.0,T,,2.22524271845,0.0,,,G,1.6,,,Y,,,,,,,,,,COIL,1.001,1320.0,0.0,,500,2.85714285714,3
,C,A,0.0,45.0,,S,2.22524271845,0.0,,,D,1.6,,Y,,,,,,,,,,,SHEET,0.699,1320.0,4880.0,N,0,2.85714285714,3
,C,A,0.0,0.0,,S,2.0,0.0,,,E,1.6,,Y,,,,,,,,,,,SHEET,0.3,1320.0,762.0,Y,0,2.85714285714,3
,C,M,0.0,0.0,,,2.22524271845,600.0,,,G,1.6,,,Y,,,,,,,,,,SHEET,1.299,1050.0,1220.0,,0,2.85714285714,2
,C,A,0.0,0.0,,S,2.0,0.0,,,F,1.6,,Y,,B,Y,,,,,,,,SHEET,0.6,300.1,4880.0,,0,2.85714285714,3
TN,C,A,0.0,0.0,,,3.0,0.0,N,,,1.6,,,,B,,,,,,Y,,,SHEET,0.6,1220.0,762.0,,0,2.85714285714,5
,C,R,0.0,0.0,,S,2.0,0.0,,,E,1.6,,,,,,,,,,,,,SHEET,0.699,610.0,761.0,,0,2.85714285714,3
,C,,0.0,0.0,,S,1.0,0.0,,,G,1.6,,,,,,,,,,,,,SHEET,0.699,610.0,612.0,,0,2.85714285714,3
,C,R,0.0,0.0,,S,2.0,0.0,,,E,1.6,,Y,,,,,,,,,,,SHEET,1.6,609.9,762.0,,0,2.85714285714,3
ZS,C,A,0.0,0.0,,S,5.0,0.0,N,,E,1.6,,,,,,,,,,,,,COIL,1.2,610.0,0.0,,0,2.85714285714,3
,C,W,0.0,0.0,,,2.22524271845,310.0,,,G,1.6,,,,,,,,,,,,,SHEET,0.8,1275.0,762.0,,0,2.85714285714,3
,C,R,0.0,0.0,,S,2.0,0.0,,,E,1.6,,,,B,Y,,,Y,,,,,SHEET,1.2,1320.0,611.0,,0,2.85714285714,3
,C,R,0.0,0.0,,S,3.0,0.0,,,,1.6,,,,,,,,,,,,,SHEET,0.8,610.0,1.0,,0,2.85714285714,2
,C,A,0.0,60.0,T,,2.22524271845,0.0,,,G,1.6,,,,B,Y,,,Y,,,,,SHEET,0.8,255.0,270.0,,0,2.85714285714,3
,C,A,8.0,0.0,,S,2.22524271845,0.0,,,G,1.6,,,,,,,,,,,,,COIL,0.699,20.0,0.0,,0,2.85714285714,3
,C,A,0.0,0.0,,S,2.0,0.0,,,F,1.6,,Y,,,,,,,,,,,SHEET,0.6,520.0,0.0,,0,2.85714285714,3
,C,A,0.0,45.0,,S,2.22524271845,0.0,,,D,1.6,,,,B,Y,,,,,,,,SHEET,0.4,610.0,300.0,,0,2.85714285714,3
,C,A,0.0,45.0,,S,2.22524271845,0.0,,,D,1.6,,,,,,,,,,,,,COIL,0.4,610.0,0.0,N,0,2.85714285714,3
,C,M,0.0,0.0,,,2.22524271845,600.0,,,G,1.6,,,Y,,,,,,,,,,SHEET,0.9,610.0,3000.0,,0,2.85714285714,2
,C,A,0.0,60.0,T,,2.22524271845,0.0,,,G,1.6,,,,M,,,,,,,,,COIL,2.801,610.0,0.0,,600,2.85714285714,3
,C,K,55.0,0.0,,,2.22524271845,0.0,,,,1.6,,,Y,M,,,,,,,,,COIL,2.3,900.0,0.0,,600,2.85714285714,3
,C,R,6.0,0.0,T,,2.22524271845,0.0,,,,1.6,,Y,,,,,,,,,,,SHEET,0.6,1320.0,4880.0,,0,2.85714285714,3
TN,C,A,0.0,0.0,,,3.0,0.0,N,,,1.6,,,,B,,,,,,Y,,,SHEET,1.6,610.0,4880.0,,0,2.85714285714,5
,C,A,0.0,0.0,,S,2.0,0.0,,,E,1.6,,,,,Y,,,,,,,,SHEET,1.599,1320.0,4880.0,,0,2.85714285714,3
,C,,0.0,0.0,,S,1.0,0.0,,,G,1.6,,,,,,,,,,,,,SHEET,0.3,374.9,762.0,,0,2.85714285714,3
TN,C,A,0.0,0.0,,,3.0,0.0,N,,,1.6,,,,,,C,,,,,,,COIL,0.6,609.9,0.0,,0,2.85714285714,5
ZS,C,A,0.0,50.0,T,,2.22524271845,0.0,,,E,1.6,,Y,,B,,,,,,,,,SHEET,0.6,1250.0,4880.0,,0,2.85714285714,3
,C,R,0.0,0.0,,S,2.0,0.0,,,E,1.6,,,,,,,,,,,,,SHEET,0.699,610.0,4880.0,N,0,2.85714285714,3
,C,,0.0,70.0,T,,2.22524271845,0.0,,,G,1.6,,,,,,,,,,,,Y,COIL,0.799,609.9,0.0,,0,2.85714285714,3
,C,R,0.0,0.0,,S,2.0,0.0,,,,1.6,,,,,Y,,,,,,,,SHEET,0.8,610.0,762.0,,0,2.85714285714,2
ZS,C,A,0.0,50.0,T,,2.22524271845,0.0,,,E,1.6,,Y,,,,,,,,,,,SHEET,0.601,1250.0,4880.0,,0,2.85714285714,3
,C,R,0.0,0.0,,S,2.0,0.0,,,E,1.6,,,,,,,,,,,,,COIL,0.4,610.0,0.0,,0,2.85714285714,3
,C,,0.0,0.0,,A,2.0,0.0,,,G,1.6,,,,,,,,,,,,,COIL,0.3,1320.0,0.0,,0,2.85714285714,3
,C,A,0.0,85.0,T,,2.22524271845,0.0,,,G,1.6,,,,,,,,Y,,,,,COIL,1.0,20.0,0.0,,0,2.85714285714,U
TN,C,A,0.0,0.0,,,3.0,0.0,N,,,1.6,,,,,,,,,,Y,,,COIL,1.6,610.0,0.0,,0,2.85714285714,5
,C,M,0.0,0.0,,,2.22524271845,600.0,,P,,1.6,,,,,,,,,,,,,SHEET,2.0,1320.0,4880.0,,0,2.85714285714,2
,C,K,55.0,0.0,,,2.22524271845,0.0,,,,1.6,,,,M,,,,,,,,,COIL,2.3,640.0,0.0,,600,2.85714285714,3
,C,,0.0,0.0,,A,2.0,0.0,,,G,1.6,,,,,,,,,,,,,COIL,3.2,1320.0,0.0,,0,2.85714285714,3
,C,,0.0,50.0,T,,2.22524271845,0.0,,,G,1.6,,,,,,,,,,,,Y,COIL,1.201,610.0,0.0,,0,2.85714285714,3
,C,A,0.0,0.0,,S,2.0,0.0,,,E,1.6,,Y,,,Y,,,,,,,,SHEET,0.3,1320.0,4880.0,Y,0,2.85714285714,3
,C,R,0.0,0.0,,S,3.0,0.0,,,E,1.6,,,,,,,,,,,,,SHEET,0.699,609.9,762.0,,0,2.85714285714,3
,C,R,0.0,0.0,,S,2.0,0.0,,,,1.6,,,,,Y,,,,,,,,SHEET,0.8,610.0,4880.0,,0,2.85714285714,2
ZS,C,A,0.0,0.0,,S,5.0,0.0,N,,E,1.6,,,,,,,,,,,,,COIL,0.7,609.9,0.0,,0,2.85714285714,3
,C,R,0.0,0.0,,S,2.0,0.0,,,E,1.6,,,,B,Y,,,,,,,,SHEET,0.4,1320.0,761.0,,0,2.85714285714,3
TN,C,A,0.0,0.0,,,3.0,0.0,N,,,1.6,,,,,,,,,,Y,,,SHEET,1.6,1220.0,761.0,,0,2.85714285714,5
,C,A,0.0,0.0,,S,2.0,0.0,,,F,1.6,,Y,,,,,,,,,,,SHEET,0.699,1220.0,4880.0,,0,2.85714285714,3
,C,R,0.0,0.0,,S,2.0,0.0,,,,1.6,,,,B,Y,,,,,,,,SHEET,1.599,1525.0,4170.0,,0,2.85714285714,2
,C,A,0.0,0.0,,S,2.0,0.0,,,E,1.6,,,,,,,,Y,,,,,COIL,1.6,610.0,0.0,,0,2.0,3
,C,R,6.0,0.0,T,,2.22524271845,0.0,,,,1.6,,,,,,,,,,,,,COIL,0.5,610.0,0.0,,0,2.85714285714,3
,C,A,0.0,0.0,,S,2.0,0.0,,,G,1.6,,,,,,,,,,,,Y,COIL,0.3,610.0,0.0,,0,2.85714285714,3
,C,A,0.0,0.0,,S,2.0,0.0,,,E,1.6,,Y,,,Y,,,,,,,,SHEET,0.699,610.0,4880.0,Y,0,2.85714285714,3
TN,C,A,0.0,0.0,,,3.0,0.0,N,,,1.6,,,,B,,C,,,,,,,COIL,0.6,609.9,0.0,,0,2.85714285714,5
,C,R,0.0,0.0,,S,2.0,0.0,,,E,1.6,,,,,,,,,,,,Y,COIL,0.3,610.0,0.0,,0,2.85714285714,3
ZS,C,A,0.0,50.0,T,,2.22524271845,0.0,,,E,1.6,,Y,,B,,,,,,,,,SHEET,0.451,610.0,762.0,,0,2.85714285714,3
,C,,0.0,50.0,T,,2.22524271845,0.0,,,G,1.6,,,Y,,,,,,,,,,COIL,0.601,610.0,0.0,,0,2.85714285714,3
TN,C,A,0.0,0.0,,,3.0,0.0,N,,,1.6,,,,,,,P,,,,,,COIL,0.6,609.9,0.0,,0,2.85714285714,5
,C,R,0.0,0.0,,S,3.0,0.0,,,,1.6,,,,B,Y,,,,,,,,SHEET,1.599,1320.0,762.0,,0,2.85714285714,2
TN,C,A,0.0,0.0,,,3.0,0.0,N,,,1.6,,,,,,,,,,Y,,,SHEET,1.6,335.0,612.0,,0,2.85714285714,5
,C,A,0.0,0.0,,S,2.0,0.0,,,E,1.6,,Y,,,,,,,,,,,SHEET,0.3,610.0,762.0,Y,0,2.85714285714,3
,C,R,0.0,0.0,,S,2.0,0.0,,,E,1.6,,,,B,Y,,,,,,,,SHEET,0.4,1320.0,150.0,,0,2.85714285714,3
,C,A,0.0,0.0,,,2.22524271845,500.0,,,G,1.6,,,,,,,,,,,,,COIL,0.9,1320.0,0.0,,0,2.85714285714,3
,C,A,0.0,70.0,T,,2.22524271845,0.0,,,G,1.6,,,Y,,,,,,,,,,COIL,0.8,610.0,0.0,,0,2.85714285714,3
,C,R,0.0,0.0,,S,3.0,0.0,,,,1.6,,,,,,,,,,,,,COIL,0.8,609.9,0.0,,0,2.85714285714,2
,C,,0.0,70.0,T,,2.22524271845,0.0,,,G,1.6,,,,,,,,,,,,,COIL,0.799,609.0,0.0,,0,2.85714285714,3
ZS,C,R,0.0,0.0,,A,2.0,0.0,,,G,1.6,,,,,,,,,,,,,COIL,0.699,609.9,0.0,,0,2.85714285714,3
,C,A,0.0,0.0,,S,2.0,0.0,,,E,1.6,,,,B,,,,,,,,,SHEET,1.6,150.0,762.0,,0,2.85714285714,3
,C,A,0.0,45.0,,S,2.22524271845,0.0,,,D,1.6,,,,,,,,,,,,,COIL,0.7,1320.0,0.0,,0,2.85714285714,3
ZS,C,A,0.0,50.0,T,,2.22524271845,0.0,,,E,1.6,,Y,,,,,,,,,,,SHEET,0.4,1220.0,762.0,,0,2.85714285714,3
ZS,C,A,0.0,85.0,T,,2.22524271845,0.0,,,E,1.6,,,,,,,,,,,,,COIL,0.321,1220.0,0.0,,0,2.85714285714,U
,C,W,0.0,0.0,,,2.22524271845,310.0,,,G,1.6,,,,,,,,,,,,,SHEET,1.6,1274.9,4880.0,,0,2.85714285714,3
,C,A,0.0,45.0,,S,2.22524271845,0.0,,,D,1.6,,,,,Y,,,,,,,,SHEET,0.7,610.0,4880.0,,0,2.85714285714,3
,C,A,0.0,0.0,,S,2.0,0.0,,,E,1.6,Y,Y,,,,,,,,,,,COIL,1.6,606.9,0.0,,0,2.85714285714,3
,C,R,0.0,0.0,,S,2.0,0.0,,,E,1.6,,,,B,,,,,,,,,SHEET,0.7,609.9,762.0,,0,2.85714285714,3
,C,A,0.0,45.0,,S,2.22524271845,0.0,,,D,1.6,,,,,,,,,,,,,COIL,0.699,610.0,0.0,,0,2.85714285714,3
,C,R,0.0,0.0,,S,3.0,0.0,,,,1.6,,,,,,,,,,,,,COIL,0.8,20.0,0.0,,0,2.85714285714,2
,C,K,55.0,0.0,,,2.22524271845,0.0,,,,1.6,,,,,,,,,,,,Y,COIL,1.0,900.0,0.0,,0,2.85714285714,3
,C,,0.0,0.0,,,2.22524271845,500.0,,P,,1.6,,,,,,,,,,,B,,SHEET,2.0,609.9,4880.0,,0,2.85714285714,2
,C,R,0.0,0.0,,S,2.0,0.0,,,E,1.6,,,,B,Y,,,Y,,,,,SHEET,1.2,150.0,612.0,,0,2.85714285714,3
,C,A,0.0,85.0,T,,2.22524271845,0.0,,,G,1.6,,,,,,,,,,,,,SHEET,1.2,1220.0,4880.0,,0,2.85714285714,U
,C,S,70.0,0.0,,,2.22524271845,0.0,,,,1.6,,,,,,,,,,,,,SHEET,1.6,1320.0,762.0,,0,2.85714285714,3
,C,,0.0,50.0,T,,2.22524271845,0.0,,,G,1.6,,,,,,,,,,,,Y,COIL,1.201,1320.0,0.0,,0,2.85714285714,3
,C,R,0.0,0.0,,S,3.0,0.0,,,,1.6,,,,,,,,,,,,,SHEET,1.6,1525.0,612.0,,0,2.85714285714,2
TN,C,A,0.0,0.0,,,3.0,0.0,N,,,1.6,,,,,,C,,,,,,,SHEET,0.6,335.0,1.0,,0,2.85714285714,5
,C,A,0.0,0.0,,S,2.0,0.0,,,G,1.6,,,,,Y,,,,,,,,SHEET,1.601,1300.0,762.0,,0,2.85714285714,3
,C,R,0.0,0.0,,S,2.0,0.0,,,E,1.6,,Y,,,Y,,,,,,,,SHEET,0.3,1320.0,762.0,Y,0,2.85714285714,3
,C,R,0.0,0.0,,S,3.0,0.0,,,E,1.6,,,,,,,,,,,,,SHEET,0.6,609.0,4880.0,,0,2.85714285714,3
,C,R,0.0,0.0,,S,2.0,0.0,,,E,1.6,,,,B,,,,Y,,,,,COIL,0.7,1220.0,0.0,,0,2.85714285714,3
,C,R,0.0,0.0,,S,2.0,0.0,,,,1.6,,,,,,,,,,,,,COIL,1.599,609.9,0.0,,0,2.85714285714,2
,C,R,0.0,0.0,,S,2.0,0.0,,,E,1.6,,Y,,B,,,,,,,,,COIL,1.6,610.0,0.0,,0,2.85714285714,3
,C,R,0.0,0.0,,S,3.0,0.0,,,E,1.6,,,,,,,,,,,,,COIL,0.8,75.0,0.0,,0,2.85714285714,3
,C,V,0.0,0.0,,S,2.0,0.0,,,,1.0,,,,,,,,,,,,,COIL,0.8,609.9,0.0,,0,2.85714285714,3
,C,R,0.0,0.0,,S,2.0,0.0,,,E,1.6,,,,,,,,,,,,,SHEET,0.7,150.0,762.0,,0,2.85714285714,3
,C,,0.0,70.0,T,,2.22524271845,0.0,,,G,1.6,,,,M,,,,,,,,,COIL,2.801,1000.0,0.0,,600,2.85714285714,3
,C,R,0.0,0.0,,A,3.0,0.0,,,G,1.6,,,,,,,,,,,,,COIL,0.6,1320.0,0.0,,0,2.85714285714,3
ZS,C,A,0.0,70.0,T,,2.22524271845,0.0,,,E,1.6,,,,,,,,,,,,,COIL,0.6,610.0,0.0,,0,2.85714285714,3
,C,S,70.0,0.0,,,2.22524271845,0.0,,,,1.6,,,,M,,,,,,,,,SHEET,2.5,610.0,4880.0,,0,2.85714285714,3
ZS,C,A,0.0,0.0,,S,3.0,0.0,N,,E,1.6,,,,,,,,,,,,,SHEET,1.2,609.9,4170.0,,0,2.85714285714,3
,C,R,0.0,0.0,,S,2.0,0.0,,,E,1.6,,Y,,,,,,,,,,,SHEET,0.7,609.9,762.0,,0,2.85714285714,3
,C,R,0.0,0.0,,S,2.0,0.0,,,E,1.6,,Y,,B,,,,,,,,,SHEET,1.599,610.0,762.0,,0,2.85714285714,3
,C,R,0.0,0.0,,S,3.0,0.0,,,E,1.6,,,,,,,,,,,,,SHEET,0.601,609.9,612.0,,0,2.85714285714,3
,C,R,0.0,0.0,,S,2.0,0.0,,,E,1.6,,,,,Y,,,Y,,,,,SHEET,1.2,610.0,4170.0,,0,2.85714285714,3
,C,R,0.0,0.0,,S,2.0,0.0,,,E,1.6,,,Y,,,,,,,,,,COIL,0.4,610.0,0.0,,0,2.85714285714,3
,C,A,0.0,45.0,,S,2.22524271845,0.0,,,D,1.6,,,,B,Y,,,,,,,,SHEET,0.7,610.0,4880.0,,0,2.85714285714,3
,C,A,0.0,0.0,,S,2.0,0.0,,,F,1.6,,Y,,B,Y,,,,,,,,SHEET,0.7,1220.0,762.0,,0,2.85714285714,3
,C,R,0.0,0.0,,S,2.0,0.0,,,E,1.6,,,,B,,,,,,,,,COIL,0.4,609.9,0.0,,0,2.85714285714,3
,C,A,0.0,0.0,,S,2.0,0.0,,,G,1.6,,,,B,Y,,,Y,,,,,SHEET,0.7,1300.0,4170.0,,0,2.85714285714,3
TN,C,A,0.0,0.0,,,3.0,0.0,N,,,1.6,,,,,,,,,,Y,,,COIL,0.8,50.0,0.0,,0,2.85714285714,5
,C,K,65.0,0.0,,,2.22524271845,0.0,,,,1.6,,,,,,,,,,,,,COIL,1.1,610.0,0.0,,0,2.85714285714,3
,C,R,0.0,0.0,,S,2.0,0.0,,,,1.6,,Y,,,,,,,,,,,SHEET,2.0,1500.0,4170.0,,0,2.85714285714,2
,C,W,0.0,0.0,,,2.22524271845,310.0,,,G,1.6,,,,,,,,,,,,,COIL,2.5,610.0,0.0,,600,2.85714285714,3
,C,R,0.0,0.0,,S,2.0,0.0,,,E,1.6,,,,B,Y,,,Y,,,,,SHEET,1.2,609.9,4170.0,,0,2.85714285714,3
TN,C,A,0.0,0.0,,,3.0,0.0,N,,,1.6,,,,,,C,,,,,,,SHEET,0.6,335.0,611.0,,0,2.85714285714,5
,C,R,0.0,0.0,,S,2.0,0.0,,,E,1.6,,,Y,,,,,,,,,,SHEET,3.2,1300.0,4880.0,,0,2.85714285714,3
,C,A,0.0,0.0,,S,2.0,0.0,,,F,1.6,,Y,,,Y,,,,,,,,SHEET,0.6,610.0,4880.0,,0,2.85714285714,3
,C,A,0.0,0.0,,S,2.0,0.0,,,G,1.6,,,Y,,,,,,,,,,SHEET,0.7,610.0,4880.0,,0,2.85714285714,3
,C,A,0.0,0.0,,S,2.0,0.0,,,E,1.6,,,,,,,,,,,C,,COIL,0.699,610.0,0.0,N,0,2.85714285714,3
,C,,0.0,0.0,,S,1.0,0.0,,,G,1.6,,,,,,,,,,,,,SHEET,0.699,374.9,4880.0,,0,2.85714285714,3
,C,R,0.0,0.0,,S,3.0,0.0,,,,1.6,,,,B,Y,,,,,,,,SHEET,1.599,1320.0,4880.0,,0,2.85714285714,2
,C,A,0.0,0.0,,S,2.0,0.0,,,E,1.6,,,,,Y,,,,,,,,SHEET,0.3,610.0,4880.0,Y,0,2.85714285714,3
,C,R,0.0,0.0,,S,2.0,0.0,,,E,1.6,,,,B,Y,,,,,,,,SHEET,0.699,375.0,612.0,,0,2.85714285714,3
,C,,0.0,0.0,,S,1.0,0.0,,,G,1.6,,,,,,,,,,,,,COIL,0.3,20.0,0.0,,0,2.85714285714,3
,C,A,0.0,0.0,,S,2.0,0.0,,,E,1.6,,,,B,,,,,,,,,COIL,0.4,610.0,0.0,,0,2.85714285714,3
,C,A,0.0,45.0,,S,2.22524271845,0.0,,,D,1.6,,,,B,,,,,,,,,SHEET,1.6,610.0,4880.0,,0,2.85714285714,3
,C,R,0.0,0.0,,S,2.0,0.0,,,E,1.6,,Y,,,,,,,,,,,SHEET,1.601,1320.0,4880.0,,0,2.85714285714,3
,C,A,0.0,0.0,,S,2.0,0.0,,,E,1.6,,,,,,,,,,,,Y,COIL,3.201,609.9,0.0,,0,2.85714285714,3
,C,K,45.0,0.0,,,2.22524271845,0.0,,,,1.6,,,,M,,,,,,,,,COIL,2.3,900.0,0.0,,600,2.85714285714,3
,C,R,0.0,0.0,,S,2.0,0.0,,,E,1.6,,,,,Y,,,,,,,,SHEET,3.2,150.0,762.0,,0,2.85714285714,3
,C,V,0.0,0.0,,S,2.0,0.0,,,,2.0,,,,,,,,,,,,,SHEET,0.8,610.0,4880.0,,0,2.85714285714,2
,C,R,0.0,0.0,,S,2.0,0.0,,,E,1.6,,,,,Y,,,,,,,,SHEET,3.2,1300.0,4880.0,,0,2.85714285714,3
,C,R,0.0,0.0,,S,2.0,0.0,,,E,1.6,,,,,,,,,,,,,COIL,0.9,966.0,0.0,,0,2.85714285714,3
,C,A,0.0,50.0,T,,2.22524271845,0.0,,,G,1.6,,,,,,,,,,,,Y,COIL,1.001,50.0,0.0,Y,0,2.85714285714,3
,C,A,0.0,0.0,,S,2.0,0.0,,,E,1.6,,,,B,,,,,,,,,COIL,0.4,609.9,0.0,,0,2.85714285714,3
,C,R,0.0,0.0,,S,2.0,0.0,,,,1.6,,Y,,,,,,,,,,,SHEET,1.599,1500.0,4170.0,,0,2.85714285714,2
,C,A,0.0,45.0,,S,2.22524271845,0.0,,,D,1.6,,,,,,,,,,,,,COIL,1.6,610.0,0.0,,0,2.85714285714,3
,C,A,0.0,0.0,,S,3.0,0.0,N,,E,1.6,,,,,,,,,,,,Y,COIL,0.699,609.9,0.0,,0,2.85714285714,3
ZS,C,A,0.0,85.0,T,,2.22524271845,0.0,,,E,1.6,,,Y,,,,,,,,,,SHEET,0.4,610.0,762.0,,0,2.85714285714,U
ZS,C,A,0.0,50.0,T,,2.22524271845,0.0,,,E,1.6,,,,,,,,,,,,,COIL,0.4,610.0,0.0,,0,2.85714285714,3
,C,A,0.0,0.0,,S,2.0,0.0,,,E,1.6,,Y,,,,,,,,,,,COIL,0.699,1320.0,0.0,,0,2.85714285714,3
TN,C,,0.0,0.0,,A,1.0,0.0,,,,1.6,,,,,,C,,,,,,,COIL,0.8,50.0,0.0,,0,2.85714285714,5
,C,,0.0,0.0,,,2.22524271845,500.0,,P,,1.6,,,,,,,,,,,B,,SHEET,1.6,300.1,301.0,,0,2.85714285714,2
,C,R,0.0,0.0,,S,2.0,0.0,,,E,1.6,,,,B,,,,Y,,,,,SHEET,1.6,610.0,4170.0,,0,2.85714285714,3
ZS,C,A,0.0,0.0,,S,5.0,0.0,N,,E,1.6,,,,,,,,,,,,,SHEET,1.2,1250.0,762.0,,0,2.85714285714,3
,C,A,0.0,0.0,,S,2.0,0.0,,,F,1.6,,Y,,,Y,,,,,,,,SHEET,0.7,610.0,762.0,,0,2.85714285714,3
,C,A,0.0,60.0,T,,2.22524271845,0.0,,,G,1.6,,,,,,,,,,,,Y,COIL,0.8,50.0,0.0,,0,2.85714285714,3
,C,R,0.0,0.0,,S,3.0,0.0,,,E,1.6,,,,,,,,,,,,,COIL,0.8,609.9,0.0,,0,2.85714285714,3
,C,R,0.0,0.0,,S,3.0,0.0,,,,1.6,,,,,,,,,,,,,SHEET,1.601,831.9,881.0,,0,2.85714285714,2
,C,R,0.0,0.0,,S,2.0,0.0,,,E,1.6,,,,B,Y,,,Y,,,,,SHEET,0.7,609.9,4170.0,,0,2.85714285714,3
,C,,0.0,50.0,T,,2.22524271845,0.0,,,G,1.6,,,,,,,,,,,,,COIL,0.601,1320.0,0.0,,0,2.85714285714,3
,C,,0.0,0.0,,A,2.0,0.0,,,G,1.6,,,,,,,,,,,,,SHEET,0.301,1320.0,762.0,Y,0,2.85714285714,3
,C,R,0.0,0.0,,S,2.0,0.0,,,E,1.6,,Y,,B,Y,,,,,,,,SHEET,1.6,1320.0,4880.0,,0,2.85714285714,3
,C,,0.0,70.0,T,,2.22524271845,0.0,,,G,1.6,,,,,,,,,,,,Y,COIL,0.6,609.9,0.0,,0,2.85714285714,3
TN,C,,0.0,0.0,,A,1.0,0.0,,,,1.6,,,,,,C,,,,,,,SHEET,0.5,335.0,3000.0,,0,2.85714285714,5
,C,R,0.0,0.0,,S,2.0,0.0,,,E,1.6,,,,,Y,,,,,,,,SHEET,0.699,1320.0,4880.0,Y,0,2.85714285714,3
,C,A,0.0,0.0,,S,2.0,0.0,,,F,1.6,,Y,,,,,,,,,,,SHEET,0.699,1320.0,301.0,,0,2.85714285714,3
,C,A,0.0,0.0,,S,2.0,0.0,,,E,1.6,,,,B,,,,,,,,,COIL,3.2,60.0,0.0,,0,2.85714285714,3
,C,A,0.0,45.0,,S,2.22524271845,0.0,,,D,1.6,,,,,,,,,,,,,COIL,1.6,1320.0,0.0,,0,2.85714285714,3
TN,C,,0.0,0.0,,A,1.0,0.0,,,,1.6,,,,,,,,,,Y,,,SHEET,1.6,1220.0,762.0,,0,2.85714285714,5
,C,A,0.0,60.0,T,,2.22524271845,0.0,,,G,1.6,,,,,,,,,,,,,COIL,0.6,1320.0,0.0,,0,2.85714285714,3
,C,V,0.0,0.0,,S,2.0,0.0,,,,1.0,,,,,,,,,,,,,SHEET,3.2,1320.0,762.0,,0,2.85714285714,3
,C,,0.0,0.0,,A,2.0,0.0,,,G,1.6,,,,,,,,,,,,,COIL,0.699,610.0,0.0,,0,2.85714285714,3
,C,M,0.0,0.0,,,2.22524271845,350.0,,,G,1.6,,,,,,,,,,,,,COIL,1.6,50.0,0.0,,0,2.85714285714,3
,C,R,0.0,0.0,,S,2.0,0.0,,,E,1.6,,,,,,,,Y,,,,,SHEET,0.301,1220.0,4170.0,,0,2.85714285714,3
,C,K,55.0,0.0,,,2.22524271845,0.0,,,,1.6,,,,M,,,,,,,,,COIL,3.2,640.0,0.0,,600,2.85714285714,3
,C,R,0.0,0.0,,S,2.0,0.0,,,E,1.6,,,,,,,,,,,,,SHEET,0.4,375.0,612.0,,0,2.85714285714,3
,C,R,0.0,0.0,,S,2.0,0.0,,,E,1.6,,,,,,,,,,,,,COIL,0.4,1320.0,0.0,,0,2.85714285714,3
,C,S,70.0,0.0,,,2.22524271845,0.0,,,,1.6,,,,M,,,,,,,,,SHEET,2.5,610.0,762.0,,0,2.85714285714,3
,C,A,0.0,85.0,T,,2.22524271845,0.0,,,G,1.6,,,,,,,,,,,,,COIL,3.2,610.0,0.0,Y,0,2.85714285714,U
,C,K,65.0,0.0,,,2.22524271845,0.0,,,,1.6,,,Y,M,,,,,,,,,COIL,3.2,900.0,0.0,,600,2.85714285714,3
,C,K,45.0,0.0,,,2.22524271845,0.0,,,,1.6,,,Y,M,,,,,,,,,COIL,2.2,900.0,0.0,,0,2.85714285714,3
,C,A,0.0,0.0,,S,2.0,0.0,,,F,1.6,,Y,,,Y,,,,,,,,SHEET,0.999,1220.0,4880.0,,0,2.85714285714,3
,C,A,0.0,0.0,,S,3.0,0.0,N,,G,1.6,,,,,,,,,,,,,COIL,1.001,610.0,0.0,,0,2.85714285714,3
,C,,0.0,0.0,,S,1.0,0.0,,,G,1.6,,,,,,,,,,,,,SHEET,0.3,610.0,4880.0,Y,0,2.85714285714,3
,C,R,0.0,0.0,,S,2.0,0.0,,,E,1.6,,Y,,,,,,,,,,,SHEET,1.601,610.0,762.0,,0,2.85714285714,3
,C,A,0.0,0.0,,S,3.0,0.0,N,,F,1.6,,,,,,,,,,,,,SHEET,1.0,610.0,4880.0,,0,2.85714285714,3
,C,A,0.0,0.0,,S,2.0,0.0,,,F,1.6,,Y,,,Y,,,,,,,,SHEET,0.999,610.0,762.0,,0,2.85714285714,3
,C,,0.0,0.0,,S,1.0,0.0,,,G,1.6,,,,,,,,,,,,,SHEET,0.699,0.0,762.0,,0,2.85714285714,3
,C,R,0.0,0.0,,,2.22524271845,500.0,,,,1.6,,,Y,,,,,,,,,,COIL,1.6,610.0,0.0,,0,2.85714285714,3
,C,R,0.0,0.0,,S,2.0,0.0,,,E,1.6,,,,,,,,,,,,,SHEET,0.4,1320.0,4880.0,N,0,2.85714285714,3
,C,W,0.0,0.0,,,2.22524271845,310.0,,,G,1.6,,,,,,,,,,,,,SHEET,0.8,610.0,762.0,,0,2.85714285714,3
,C,R,0.0,0.0,,S,3.0,0.0,,,E,1.6,,,,,,,,,,,,,SHEET,0.601,610.0,762.0,,0,2.85714285714,3
,C,R,0.0,0.0,,S,2.0,0.0,,,E,1.6,,,,,,,,,,,,,SHEET,0.699,1320.0,761.0,,0,2.85714285714,3
ZS,C,A,0.0,0.0,,S,3.0,0.0,N,,E,1.6,,,,,,,,,,,,,SHEET,0.7,609.9,4170.0,,0,2.85714285714,3
,C,R,0.0,0.0,,S,3.0,0.0,,,E,1.6,,,,,,,,,,,,,SHEET,0.601,609.0,4880.0,,0,2.85714285714,3
,C,A,0.0,0.0,,S,2.0,0.0,,,E,1.6,,,,,,,,,,,,,SHEET,0.7,1525.0,762.0,,0,2.85714285714,3
,C,R,0.0,0.0,,S,2.0,0.0,,,E,1.6,,,,,,,,,,,,Y,COIL,3.2,609.9,0.0,,0,2.85714285714,3
,C,R,0.0,0.0,,S,2.0,0.0,,,,1.6,,,,,,,,,,,,,COIL,1.6,609.9,0.0,,0,2.85714285714,2
,C,M,0.0,0.0,,,2.22524271845,350.0,,,G,1.6,,,Y,M,,,,,,,,,COIL,1.6,610.0,0.0,,0,2.85714285714,3
,C,R,0.0,0.0,,S,2.0,0.0,,,E,1.6,,,,,,,,Y,,,,,SHEET,1.2,375.0,612.0,,0,2.85714285714,3
,C,A,8.0,0.0,,S,2.22524271845,0.0,,,G,1.6,,,,,,,,,,,,,COIL,3.2,609.9,0.0,,0,2.85714285714,3
,C,,0.0,0.0,,S,1.0,0.0,,,G,1.6,,,,B,Y,,,,,,,,SHEET,0.699,1300.0,4880.0,,0,2.85714285714,3
,C,K,45.0,0.0,,,2.22524271845,0.0,,,,1.6,,,,,,,,,,,,,COIL,1.1,610.0,0.0,,0,2.85714285714,3
,C,V,0.0,0.0,,S,2.0,0.0,,,,2.0,,,,,,,,,,,,,SHEET,0.8,609.9,762.0,,0,2.85714285714,2
,C,A,0.0,0.0,,S,2.0,0.0,,,E,1.6,,,Y,,,,,,,,,,COIL,0.3,1320.0,0.0,,0,2.85714285714,3
ZS,C,A,0.0,85.0,T,,2.22524271845,0.0,,,E,1.6,,,Y,,,,,,,,,,SHEET,0.8,610.0,4880.0,,0,2.85714285714,U
,C,A,0.0,0.0,,S,2.0,0.0,,,F,1.6,,Y,,B,Y,,,,,,,,SHEET,0.6,520.0,0.0,,0,2.85714285714,3
,C,A,0.0,80.0,T,,2.22524271845,0.0,,,G,1.6,,,,,,,,,,,,,SHEET,1.6,1320.0,4170.0,Y,0,2.85714285714,U
,C,A,0.0,60.0,T,,2.22524271845,0.0,,,G,1.6,,,,,,,,,,,,,COIL,2.801,50.0,0.0,,0,2.85714285714,3
,C,A,0.0,0.0,,S,2.0,0.0,,,E,1.6,,,,B,Y,,,,,,,,SHEET,3.2,1320.0,762.0,,0,2.85714285714,3
ZS,C,A,0.0,0.0,,S,5.0,0.0,N,,E,1.6,,,,,,,,,,,,,COIL,1.0,609.9,0.0,,0,2.85714285714,3
,C,A,0.0,45.0,,S,2.22524271845,0.0,,,D,1.6,,,,B,,,,,,,,,COIL,0.699,610.0,0.0,,0,2.85714285714,3
,C,W,0.0,0.0,,,2.22524271845,310.0,,,G,1.6,,,,,,,,,,,,,SHEET,1.599,610.0,762.0,,0,2.85714285714,3
,C,,0.0,70.0,T,,2.22524271845,0.0,,,G,1.6,,,,,,,,,,,,Y,COIL,0.6,610.0,0.0,,600,2.85714285714,3
,C,K,55.0,0.0,,,2.22524271845,0.0,,,,1.6,,,,M,,,,,,,,,COIL,2.2,640.0,0.0,,0,2.85714285714,3
,C,A,0.0,45.0,,S,2.22524271845,0.0,,,D,1.6,,,,,,,,,,,,,COIL,0.7,1320.0,0.0,,0,2.85714285714,3
,C,A,0.0,0.0,,S,2.0,0.0,,,F,1.6,,Y,,,Y,,,,,,,,SHEET,0.7,1220.0,762.0,,0,2.85714285714,3
,C,,0.0,0.0,,S,1.0,0.0,,,G,1.6,,,,,,,,Y,,,,Y,COIL,0.24,20.0,0.0,,0,2.85714285714,3
,C,A,0.0,0.0,,S,2.0,0.0,,,G,1.6,,,Y,,,,,,,,,,COIL,0.3,1320.0,0.0,,0,2.85714285714,3
,C,R,0.0,0.0,,S,2.0,0.0,,,E,1.6,,,,,,,,,,,,,SHEET,0.699,375.0,612.0,,0,2.85714285714,3
ZS,C,A,0.0,50.0,T,,2.22524271845,0.0,,,E,1.6,,,,B,,,,,,,,,SHEET,0.451,1250.0,762.0,,0,2.85714285714,3
,C,K,45.0,0.0,,,2.22524271845,0.0,,,,1.6,,,,,,,,,,,,,COIL,1.5,900.0,0.0,,0,2.85714285714,3
,C,A,0.0,0.0,,S,2.0,0.0,,,G,1.6,,Y,,B,Y,,,,,,,,SHEET,1.599,1300.0,4880.0,,0,2.85714285714,3
,C,R,0.0,0.0,,S,2.0,0.0,,,E,1.6,,,,,Y,,,,,,,,COIL,3.2,1320.0,0.0,,0,2.85714285714,3
,C,K,45.0,0.0,,,2.22524271845,0.0,,,,1.6,,,Y,M,,,,,,,,,COIL,3.2,640.0,0.0,,500,2.85714285714,3
TN,C,A,0.0,0.0,,,3.0,0.0,N,,,1.6,,,,B,,,,,,Y,,,SHEET,1.6,609.9,3000.0,,0,2.85714285714,5
TN,C,,0.0,0.0,,A,1.0,0.0,,,,1.6,,,,,,,,,,Y,,,SHEET,1.6,609.9,612.0,,0,2.85714285714,5
,C,R,0.0,0.0,,S,2.0,0.0,,,,1.6,,,,,Y,,,,,,,,SHEET,1.6,1500.0,4170.0,,0,2.85714285714,2
TN,C,A,0.0,0.0,,,3.0,0.0,N,,,1.6,,,,,,C,,,,,,,SHEET,1.2,609.9,1.0,,0,2.85714285714,5
,C,R,0.0,0.0,,S,3.0,0.0,,,,1.6,,,,B,,,,,,,,,SHEET,1.599,610.0,762.0,,0,2.85714285714,2
,C,V,0.0,0.0,,S,2.0,0.0,,,,2.0,,,,,,,,,,,,,SHEET,1.599,150.0,762.0,,0,2.85714285714,2
,C,A,0.0,85.0,T,,2.22524271845,0.0,,,G,1.6,,,,,,,,,,,,,COIL,0.4,20.0,0.0,,0,2.85714285714,U
,C,A,0.0,85.0,T,,2.22524271845,0.0,,,G,1.6,,,Y,M,,,,,,,,,COIL,4.0,610.0,0.0,,500,2.85714285714,U
