A1,A2,A3,A4,A5,A6,A7,A8,A9,A10,A11,A12,A13,A14,A15,class
a,[-Inf; Inf],(4.2075; Inf],u,g,q,h,(1.02; Inf],t,t,(2.5; Inf],f,g,[-Inf;105],(492; Inf],+
a,[-Inf; Inf],[-Inf;4.2075],u,g,q,h,(1.02; Inf],t,f,[-Inf;2.5],f,g,(105; Inf],(492; Inf],+
b,[-Inf; Inf],[-Inf;4.2075],u,g,w,v,(1.02; Inf],t,t,(2.5; Inf],t,g,[-Inf;105],[-Inf;492],+
b,[-Inf; Inf],(4.2075; Inf],u,g,w,v,(1.02; Inf],t,f,[-Inf;2.5],f,s,(105; Inf],[-Inf;492],+
b,[-Inf; Inf],[-Inf;4.2075],u,g,m,v,(1.02; Inf],t,f,[-Inf;2.5],t,g,(105; Inf],[-Inf;492],+
b,[-Inf; Inf],[-Inf;4.2075],u,g,r,h,(1.02; Inf],t,f,[-Inf;2.5],t,g,(105; Inf],(492; Inf],+
a,[-Inf; Inf],(4.2075; Inf],u,g,cc,v,[-Inf;1.02],t,f,[-Inf;2.5],f,g,[-Inf;105],(492; Inf],+
b,[-Inf; Inf],[-Inf;4.2075],y,p,k,h,(1.02; Inf],t,f,[-Inf;2.5],f,g,(105; Inf],[-Inf;492],+
b,[-Inf; Inf],(4.2075; Inf],y,p,w,v,(1.02; Inf],t,f,[-Inf;2.5],t,g,[-Inf;105],(492; Inf],+
b,[-Inf; Inf],[-Inf;4.2075],u,g,c,h,(1.02; Inf],f,f,[-Inf;2.5],t,g,(105; Inf],[-Inf;492],+
b,[-Inf; Inf],[-Inf;4.2075],u,g,c,h,(1.02; Inf],t,f,[-Inf;2.5],f,g,(105; Inf],[-Inf;492],+
a,[-Inf; Inf],(4.2075; Inf],u,g,k,v,[-Inf;1.02],t,f,[-Inf;2.5],t,g,[-Inf;105],[-Inf;492],+
b,[-Inf; Inf],(4.2075; Inf],u,g,k,v,[-Inf;1.02],f,f,[-Inf;2.5],f,g,[-Inf;105],(492; Inf],+
a,[-Inf; Inf],(4.2075; Inf],u,g,q,v,(1.02; Inf],t,t,(2.5; Inf],t,g,[-Inf;105],[-Inf;492],+
b,[-Inf; Inf],(4.2075; Inf],y,p,k,v,[-Inf;1.02],t,t,(2.5; Inf],t,g,(105; Inf],[-Inf;492],+
b,[-Inf; Inf],[-Inf;4.2075],u,g,m,v,[-Inf;1.02],t,t,(2.5; Inf],t,g,(105; Inf],[-Inf;492],+
a,[-Inf; Inf],(4.2075; Inf],u,g,q,v,(1.02; Inf],t,t,(2.5; Inf],f,g,(105; Inf],[-Inf;492],+
b,[-Inf; Inf],[-Inf;4.2075],u,g,d,h,[-Inf;1.02],t,f,[-Inf;2.5],t,g,[-Inf;105],[-Inf;492],+
a,[-Inf; Inf],(4.2075; Inf],u,g,cc,h,[-Inf;1.02],t,t,(2.5; Inf],f,g,[-Inf;105],[-Inf;492],+
b,[-Inf; Inf],(4.2075; Inf],u,g,c,v,(1.02; Inf],t,t,(2.5; Inf],f,g,(105; Inf],(492; Inf],+
b,[-Inf; Inf],[-Inf;4.2075],u,g,c,v,[-Inf;1.02],t,f,[-Inf;2.5],f,s,(105; Inf],[-Inf;492],+
a,[-Inf; Inf],(4.2075; Inf],u,g,c,v,(1.02; Inf],t,t,(2.5; Inf],t,g,[-Inf;105],(492; Inf],+
a,[-Inf; Inf],(4.2075; Inf],u,g,x,h,(1.02; Inf],t,t,[-Inf;2.5],f,g,(105; Inf],[-Inf;492],+
a,[-Inf; Inf],(4.2075; Inf],u,g,q,v,[-Inf;1.02],t,t,(2.5; Inf],t,g,(105; Inf],[-Inf;492],+
a,[-Inf; Inf],[-Inf;4.2075],u,g,c,h,(1.02; Inf],t,t,[-Inf;2.5],f,g,[-Inf;105],[-Inf;492],+
a,[-Inf; Inf],(4.2075; Inf],u,g,i,bb,(1.02; Inf],t,t,(2.5; Inf],t,g,[-Inf;105],[-Inf;492],+
b,[-Inf; Inf],(4.2075; Inf],u,g,d,bb,(1.02; Inf],t,t,(2.5; Inf],t,g,[-Inf;105],[-Inf;492],+
b,[-Inf; Inf],(4.2075; Inf],u,g,e,h,(1.02; Inf],t,t,(2.5; Inf],f,g,[-Inf;105],[-Inf;492],+
b,[-Inf; Inf],[-Inf;4.2075],u,g,w,v,(1.02; Inf],t,t,(2.5; Inf],t,g,(105; Inf],(492; Inf],+
b,[-Inf; Inf],(4.2075; Inf],u,g,aa,v,(1.02; Inf],t,t,(2.5; Inf],t,g,(105; Inf],[-Inf;492],+
b,[-Inf; Inf],(4.2075; Inf],u,g,x,h,(1.02; Inf],t,t,(2.5; Inf],f,g,[-Inf;105],[-Inf;492],+
b,[-Inf; Inf],(4.2075; Inf],u,g,i,bb,(1.02; Inf],t,t,(2.5; Inf],t,g,[-Inf;105],(492; Inf],+
a,[-Inf; Inf],(4.2075; Inf],u,g,e,v,(1.02; Inf],t,f,[-Inf;2.5],t,g,[-Inf;105],(492; Inf],+
a,[-Inf; Inf],(4.2075; Inf],u,g,q,v,[-Inf;1.02],t,t,(2.5; Inf],t,g,[-Inf;105],(492; Inf],+
b,[-Inf; Inf],[-Inf;4.2075],u,g,w,v,(1.02; Inf],t,t,(2.5; Inf],t,g,(105; Inf],[-Inf;492],+
a,[-Inf; Inf],(4.2075; Inf],u,g,x,h,[-Inf;1.02],t,t,[-Inf;2.5],t,g,(105; Inf],(492; Inf],+
b,[-Inf; Inf],[-Inf;4.2075],y,p,cc,v,[-Inf;1.02],t,t,[-Inf;2.5],f,g,(105; Inf],(492; Inf],+
b,[-Inf; Inf],(4.2075; Inf],u,g,ff,ff,(1.02; Inf],t,t,(2.5; Inf],t,g,[-Inf;105],[-Inf;492],+
b,[-Inf; Inf],(4.2075; Inf],u,g,c,v,(1.02; Inf],t,t,(2.5; Inf],t,g,[-Inf;105],[-Inf;492],+
b,[-Inf; Inf],(4.2075; Inf],u,g,c,h,(1.02; Inf],t,t,(2.5; Inf],f,g,[-Inf;105],(492; Inf],+
b,[-Inf; Inf],[-Inf;4.2075],u,g,w,h,[-Inf;1.02],t,t,[-Inf;2.5],f,g,(105; Inf],[-Inf;492],+
b,[-Inf; Inf],(4.2075; Inf],y,p,c,v,(1.02; Inf],t,t,(2.5; Inf],f,g,[-Inf;105],[-Inf;492],+
b,[-Inf; Inf],(4.2075; Inf],u,g,c,h,(1.02; Inf],t,t,(2.5; Inf],t,g,[-Inf;105],[-Inf;492],+
a,[-Inf; Inf],[-Inf;4.2075],y,p,q,h,[-Inf;1.02],t,t,(2.5; Inf],t,g,(105; Inf],(492; Inf],+
b,[-Inf; Inf],(4.2075; Inf],u,g,cc,h,(1.02; Inf],t,t,(2.5; Inf],f,g,(105; Inf],[-Inf;492],+
b,[-Inf; Inf],[-Inf;4.2075],u,g,i,bb,(1.02; Inf],f,f,[-Inf;2.5],f,g,(105; Inf],[-Inf;492],+
b,[-Inf; Inf],[-Inf;4.2075],u,g,c,v,[-Inf;1.02],f,f,[-Inf;2.5],f,g,[-Inf;105],[-Inf;492],+
a,[-Inf; Inf],[-Inf;4.2075],u,g,c,h,[-Inf;1.02],t,f,[-Inf;2.5],t,g,(105; Inf],[-Inf;492],+
b,[-Inf; Inf],[-Inf;4.2075],u,g,q,v,(1.02; Inf],t,f,[-Inf;2.5],t,g,(105; Inf],[-Inf;492],+
b,[-Inf; Inf],[-Inf;4.2075],u,g,w,v,[-Inf;1.02],t,f,[-Inf;2.5],t,g,(105; Inf],(492; Inf],+
b,[-Inf; Inf],[-Inf;4.2075],u,g,w,v,[-Inf;1.02],t,f,[-Inf;2.5],t,g,(105; Inf],[-Inf;492],+
b,[-Inf; Inf],[-Inf;4.2075],u,g,cc,h,(1.02; Inf],t,f,[-Inf;2.5],t,g,[-Inf;105],[-Inf;492],+
b,[-Inf; Inf],(4.2075; Inf],y,p,w,v,[-Inf;1.02],t,f,[-Inf;2.5],t,g,(105; Inf],[-Inf;492],+
b,[-Inf; Inf],[-Inf;4.2075],u,g,cc,v,[-Inf;1.02],t,f,[-Inf;2.5],f,g,[-Inf;105],[-Inf;492],+
b,[-Inf; Inf],[-Inf;4.2075],u,g,i,h,(1.02; Inf],t,f,[-Inf;2.5],t,g,(105; Inf],[-Inf;492],+
b,[-Inf; Inf],(4.2075; Inf],u,g,x,h,(1.02; Inf],f,f,[-Inf;2.5],t,s,(105; Inf],[-Inf;492],+
b,[-Inf; Inf],[-Inf;4.2075],u,g,q,h,(1.02; Inf],t,t,(2.5; Inf],f,g,[-Inf;105],[-Inf;492],+
b,[-Inf; Inf],(4.2075; Inf],u,g,m,v,(1.02; Inf],t,t,(2.5; Inf],t,g,(105; Inf],[-Inf;492],+
b,[-Inf; Inf],(4.2075; Inf],u,g,d,v,(1.02; Inf],t,t,(2.5; Inf],f,g,(105; Inf],(492; Inf],+
a,[-Inf; Inf],[-Inf;4.2075],u,g,q,v,(1.02; Inf],t,t,[-Inf;2.5],f,g,[-Inf;105],[-Inf;492],+
b,[-Inf; Inf],(4.2075; Inf],u,g,cc,v,(1.02; Inf],t,t,[-Inf;2.5],t,g,(105; Inf],[-Inf;492],+
b,[-Inf; Inf],[-Inf;4.2075],u,g,cc,v,(1.02; Inf],t,t,[-Inf;2.5],t,g,(105; Inf],(492; Inf],+
a,[-Inf; Inf],[-Inf;4.2075],u,g,c,v,(1.02; Inf],t,t,(2.5; Inf],f,g,[-Inf;105],[-Inf;492],+
b,[-Inf; Inf],[-Inf;4.2075],u,g,m,v,[-Inf;1.02],t,t,(2.5; Inf],f,g,(105; Inf],(492; Inf],+
b,[-Inf; Inf],(4.2075; Inf],u,g,w,h,(1.02; Inf],t,t,(2.5; Inf],f,g,[-Inf;105],(492; Inf],+
b,[-Inf; Inf],(4.2075; Inf],u,g,x,h,(1.02; Inf],t,t,[-Inf;2.5],t,g,(105; Inf],(492; Inf],+
b,[-Inf; Inf],[-Inf;4.2075],u,g,d,bb,(1.02; Inf],t,f,[-Inf;2.5],t,g,(105; Inf],[-Inf;492],-
a,[-Inf; Inf],(4.2075; Inf],u,g,cc,v,(1.02; Inf],t,f,[-Inf;2.5],t,g,(105; Inf],[-Inf;492],-
b,[-Inf; Inf],(4.2075; Inf],y,p,c,v,(1.02; Inf],f,f,[-Inf;2.5],f,g,(105; Inf],[-Inf;492],-
b,[-Inf; Inf],(4.2075; Inf],u,g,q,v,[-Inf;1.02],t,t,[-Inf;2.5],f,g,(105; Inf],[-Inf;492],-
b,[-Inf; Inf],(4.2075; Inf],u,g,aa,v,[-Inf;1.02],t,f,[-Inf;2.5],t,g,(105; Inf],[-Inf;492],-
a,[-Inf; Inf],[-Inf;4.2075],y,p,aa,v,[-Inf;1.02],t,f,[-Inf;2.5],t,g,(105; Inf],[-Inf;492],-
b,[-Inf; Inf],[-Inf;4.2075],y,p,k,v,(1.02; Inf],t,t,[-Inf;2.5],f,g,(105; Inf],[-Inf;492],-
b,[-Inf; Inf],(4.2075; Inf],u,g,c,v,[-Inf;1.02],t,f,[-Inf;2.5],f,g,(105; Inf],[-Inf;492],-
b,[-Inf; Inf],(4.2075; Inf],u,g,ff,ff,[-Inf;1.02],t,t,[-Inf;2.5],f,g,[-Inf;105],[-Inf;492],-
a,[-Inf; Inf],[-Inf;4.2075],u,g,m,v,(1.02; Inf],t,f,[-Inf;2.5],f,s,(105; Inf],[-Inf;492],-
b,[-Inf; Inf],[-Inf;4.2075],u,g,m,v,[-Inf;1.02],t,f,[-Inf;2.5],f,s,(105; Inf],[-Inf;492],-
a,[-Inf; Inf],[-Inf;4.2075],u,g,d,v,(1.02; Inf],t,f,[-Inf;2.5],t,g,(105; Inf],[-Inf;492],-
b,[-Inf; Inf],[-Inf;4.2075],u,g,aa,v,[-Inf;1.02],t,f,[-Inf;2.5],t,g,(105; Inf],[-Inf;492],-
b,[-Inf; Inf],[-Inf;4.2075],u,g,c,bb,(1.02; Inf],t,f,[-Inf;2.5],t,s,(105; Inf],[-Inf;492],-
b,[-Inf; Inf],[-Inf;4.2075],u,g,d,v,[-Inf;1.02],t,f,[-Inf;2.5],t,s,(105; Inf],[-Inf;492],-
b,[-Inf; Inf],[-Inf;4.2075],y,p,aa,v,(1.02; Inf],t,f,[-Inf;2.5],f,g,(105; Inf],[-Inf;492],-
b,[-Inf; Inf],(4.2075; Inf],u,g,aa,v,[-Inf;1.02],t,f,[-Inf;2.5],t,g,(105; Inf],[-Inf;492],-
a,[-Inf; Inf],[-Inf;4.2075],u,g,j,j,[-Inf;1.02],t,f,[-Inf;2.5],t,g,[-Inf;105],[-Inf;492],-
b,[-Inf; Inf],(4.2075; Inf],y,p,c,h,(1.02; Inf],t,f,[-Inf;2.5],f,g,(105; Inf],[-Inf;492],-
b,[-Inf; Inf],(4.2075; Inf],u,g,c,v,[-Inf;1.02],t,f,[-Inf;2.5],f,g,(105; Inf],[-Inf;492],-
b,[-Inf; Inf],(4.2075; Inf],y,p,aa,v,(1.02; Inf],t,f,[-Inf;2.5],f,g,[-Inf;105],[-Inf;492],-
b,[-Inf; Inf],[-Inf;4.2075],y,p,c,h,(1.02; Inf],t,f,[-Inf;2.5],t,g,(105; Inf],[-Inf;492],-
b,[-Inf; Inf],[-Inf;4.2075],y,p,c,v,(1.02; Inf],t,f,[-Inf;2.5],t,g,[-Inf;105],[-Inf;492],-
a,[-Inf; Inf],[-Inf;4.2075],u,g,i,bb,[-Inf;1.02],t,f,[-Inf;2.5],t,g,(105; Inf],[-Inf;492],-
b,[-Inf; Inf],[-Inf;4.2075],u,g,c,bb,[-Inf;1.02],t,f,[-Inf;2.5],t,s,(105; Inf],[-Inf;492],-
a,[-Inf; Inf],(4.2075; Inf],y,p,q,v,(1.02; Inf],t,f,[-Inf;2.5],t,g,(105; Inf],[-Inf;492],-
a,[-Inf; Inf],[-Inf;4.2075],u,g,q,v,[-Inf;1.02],t,t,[-Inf;2.5],t,g,(105; Inf],(492; Inf],-
b,[-Inf; Inf],[-Inf;4.2075],y,p,c,bb,[-Inf;1.02],t,f,[-Inf;2.5],t,g,(105; Inf],[-Inf;492],-
b,[-Inf; Inf],(4.2075; Inf],y,p,c,v,(1.02; Inf],t,f,[-Inf;2.5],f,g,[-Inf;105],[-Inf;492],-
b,[-Inf; Inf],(4.2075; Inf],u,g,q,v,[-Inf;1.02],t,t,[-Inf;2.5],f,g,[-Inf;105],[-Inf;492],-
b,[-Inf; Inf],(4.2075; Inf],u,g,k,v,(1.02; Inf],t,t,[-Inf;2.5],t,g,(105; Inf],[-Inf;492],-
b,[-Inf; Inf],[-Inf;4.2075],y,p,i,h,(1.02; Inf],t,t,[-Inf;2.5],t,g,[-Inf;105],[-Inf;492],-
b,[-Inf; Inf],(4.2075; Inf],u,g,e,z,[-Inf;1.02],t,t,(2.5; Inf],f,g,(105; Inf],[-Inf;492],-
b,[-Inf; Inf],[-Inf;4.2075],u,g,k,v,[-Inf;1.02],t,f,[-Inf;2.5],f,s,(105; Inf],[-Inf;492],-
a,[-Inf; Inf],(4.2075; Inf],y,p,aa,v,(1.02; Inf],t,f,[-Inf;2.5],f,g,(105; Inf],[-Inf;492],-
b,[-Inf; Inf],[-Inf;4.2075],y,p,x,h,(1.02; Inf],t,f,[-Inf;2.5],t,g,(105; Inf],[-Inf;492],-
a,[-Inf; Inf],[-Inf;4.2075],u,g,c,v,[-Inf;1.02],t,t,(2.5; Inf],t,g,(105; Inf],[-Inf;492],-
b,[-Inf; Inf],[-Inf;4.2075],u,g,w,v,(1.02; Inf],t,t,(2.5; Inf],t,g,(105; Inf],[-Inf;492],-
a,[-Inf; Inf],[-Inf;4.2075],y,p,ff,ff,[-Inf;1.02],t,t,(2.5; Inf],f,g,(105; Inf],[-Inf;492],-
b,[-Inf; Inf],(4.2075; Inf],u,g,w,v,[-Inf;1.02],t,f,[-Inf;2.5],t,g,(105; Inf],[-Inf;492],-
a,[-Inf; Inf],[-Inf;4.2075],u,g,k,bb,[-Inf;1.02],t,t,(2.5; Inf],t,g,(105; Inf],[-Inf;492],-
b,[-Inf; Inf],[-Inf;4.2075],y,p,c,h,(1.02; Inf],t,t,(2.5; Inf],t,g,(105; Inf],[-Inf;492],-
a,[-Inf; Inf],[-Inf;4.2075],u,g,q,v,(1.02; Inf],t,t,[-Inf;2.5],f,g,(105; Inf],[-Inf;492],-
b,[-Inf; Inf],(4.2075; Inf],u,g,q,h,(1.02; Inf],t,t,(2.5; Inf],t,g,(105; Inf],[-Inf;492],-
b,[-Inf; Inf],(4.2075; Inf],u,g,k,v,(1.02; Inf],t,t,(2.5; Inf],f,g,[-Inf;105],(492; Inf],+
b,[-Inf; Inf],(4.2075; Inf],u,g,m,v,(1.02; Inf],t,t,(2.5; Inf],t,g,(105; Inf],(492; Inf],+
a,[-Inf; Inf],(4.2075; Inf],u,g,cc,h,[-Inf;1.02],t,t,[-Inf;2.5],t,g,[-Inf;105],[-Inf;492],+
b,[-Inf; Inf],(4.2075; Inf],u,g,q,v,[-Inf;1.02],t,t,[-Inf;2.5],f,g,(105; Inf],[-Inf;492],+
b,[-Inf; Inf],(4.2075; Inf],u,g,cc,v,(1.02; Inf],t,t,(2.5; Inf],t,g,(105; Inf],[-Inf;492],+
a,[-Inf; Inf],(4.2075; Inf],u,g,aa,v,(1.02; Inf],t,t,(2.5; Inf],t,g,(105; Inf],(492; Inf],+
a,[-Inf; Inf],(4.2075; Inf],u,g,q,v,(1.02; Inf],t,t,(2.5; Inf],t,g,[-Inf;105],[-Inf;492],+
a,[-Inf; Inf],(4.2075; Inf],u,g,q,v,(1.02; Inf],t,t,(2.5; Inf],t,g,(105; Inf],[-Inf;492],+
b,[-Inf; Inf],(4.2075; Inf],u,g,x,h,(1.02; Inf],t,t,(2.5; Inf],t,g,[-Inf;105],(492; Inf],+
b,[-Inf; Inf],[-Inf;4.2075],u,g,m,bb,(1.02; Inf],t,t,(2.5; Inf],t,g,(105; Inf],(492; Inf],+
b,[-Inf; Inf],(4.2075; Inf],u,g,q,v,(1.02; Inf],t,t,(2.5; Inf],t,g,[-Inf;105],(492; Inf],+
b,[-Inf; Inf],(4.2075; Inf],u,g,i,bb,(1.02; Inf],t,t,[-Inf;2.5],f,g,(105; Inf],(492; Inf],+
a,[-Inf; Inf],[-Inf;4.2075],u,g,w,v,[-Inf;1.02],t,f,[-Inf;2.5],f,s,(105; Inf],[-Inf;492],+
b,[-Inf; Inf],(4.2075; Inf],u,g,e,z,(1.02; Inf],t,t,[-Inf;2.5],t,g,[-Inf;105],[-Inf;492],+
b,[-Inf; Inf],[-Inf;4.2075],u,g,c,v,(1.02; Inf],t,t,[-Inf;2.5],f,g,[-Inf;105],[-Inf;492],+
a,[-Inf; Inf],(4.2075; Inf],u,g,e,bb,(1.02; Inf],t,t,(2.5; Inf],f,g,(105; Inf],(492; Inf],+
b,[-Inf; Inf],(4.2075; Inf],u,g,c,bb,(1.02; Inf],t,t,(2.5; Inf],f,g,[-Inf;105],[-Inf;492],+
b,[-Inf; Inf],(4.2075; Inf],u,g,q,h,(1.02; Inf],t,t,(2.5; Inf],t,g,(105; Inf],(492; Inf],+
b,[-Inf; Inf],(4.2075; Inf],u,g,q,h,(1.02; Inf],t,f,[-Inf;2.5],t,g,(105; Inf],[-Inf;492],+
b,[-Inf; Inf],[-Inf;4.2075],y,p,aa,v,[-Inf;1.02],t,t,(2.5; Inf],f,g,(105; Inf],(492; Inf],+
b,[-Inf; Inf],[-Inf;4.2075],u,g,m,v,(1.02; Inf],t,t,(2.5; Inf],f,g,(105; Inf],[-Inf;492],+
a,[-Inf; Inf],(4.2075; Inf],u,g,w,v,(1.02; Inf],t,t,(2.5; Inf],t,g,[-Inf;105],(492; Inf],+
a,[-Inf; Inf],(4.2075; Inf],u,g,q,h,(1.02; Inf],t,t,[-Inf;2.5],f,g,[-Inf;105],(492; Inf],+
b,[-Inf; Inf],(4.2075; Inf],u,g,w,v,(1.02; Inf],t,t,[-Inf;2.5],f,g,[-Inf;105],[-Inf;492],+
b,[-Inf; Inf],[-Inf;4.2075],u,g,cc,h,(1.02; Inf],t,t,(2.5; Inf],f,g,(105; Inf],(492; Inf],+
b,[-Inf; Inf],[-Inf;4.2075],u,g,q,v,(1.02; Inf],t,t,(2.5; Inf],t,g,[-Inf;105],(492; Inf],+
a,[-Inf; Inf],(4.2075; Inf],y,p,q,h,(1.02; Inf],t,t,(2.5; Inf],f,g,[-Inf;105],(492; Inf],+
a,[-Inf; Inf],(4.2075; Inf],u,g,c,bb,(1.02; Inf],t,t,(2.5; Inf],t,g,[-Inf;105],(492; Inf],+
a,[-Inf; Inf],(4.2075; Inf],u,g,c,v,(1.02; Inf],t,t,(2.5; Inf],f,g,[-Inf;105],(492; Inf],+
a,[-Inf; Inf],[-Inf;4.2075],u,g,cc,h,[-Inf;1.02],t,t,(2.5; Inf],t,g,(105; Inf],[-Inf;492],+
a,[-Inf; Inf],(4.2075; Inf],u,g,q,v,(1.02; Inf],t,t,(2.5; Inf],f,g,[-Inf;105],(492; Inf],+
b,[-Inf; Inf],(4.2075; Inf],u,g,m,h,(1.02; Inf],t,t,(2.5; Inf],t,g,[-Inf;105],[-Inf;492],+
b,[-Inf; Inf],[-Inf;4.2075],u,g,c,v,(1.02; Inf],t,t,(2.5; Inf],t,g,[-Inf;105],(492; Inf],+
b,[-Inf; Inf],[-Inf;4.2075],u,g,cc,h,(1.02; Inf],t,t,(2.5; Inf],t,g,[-Inf;105],[-Inf;492],+
a,[-Inf; Inf],(4.2075; Inf],y,p,j,j,[-Inf;1.02],t,t,(2.5; Inf],t,g,[-Inf;105],[-Inf;492],+
a,[-Inf; Inf],[-Inf;4.2075],y,p,x,h,(1.02; Inf],t,t,[-Inf;2.5],f,g,[-Inf;105],[-Inf;492],+
a,[-Inf; Inf],(4.2075; Inf],u,g,e,z,[-Inf;1.02],t,t,(2.5; Inf],f,g,[-Inf;105],(492; Inf],+
b,[-Inf; Inf],[-Inf;4.2075],u,g,k,h,(1.02; Inf],t,t,[-Inf;2.5],t,g,(105; Inf],[-Inf;492],+
b,[-Inf; Inf],[-Inf;4.2075],u,g,x,v,(1.02; Inf],t,t,[-Inf;2.5],t,g,(105; Inf],[-Inf;492],+
b,[-Inf; Inf],[-Inf;4.2075],y,p,e,h,[-Inf;1.02],t,f,[-Inf;2.5],t,g,(105; Inf],[-Inf;492],+
a,[-Inf; Inf],(4.2075; Inf],u,g,q,v,(1.02; Inf],t,f,[-Inf;2.5],t,g,[-Inf;105],(492; Inf],+
a,[-Inf; Inf],(4.2075; Inf],u,g,q,h,(1.02; Inf],t,f,[-Inf;2.5],f,g,[-Inf;105],(492; Inf],+
b,[-Inf; Inf],(4.2075; Inf],u,g,q,v,[-Inf;1.02],t,f,[-Inf;2.5],t,g,[-Inf;105],[-Inf;492],+
a,[-Inf; Inf],[-Inf;4.2075],u,g,cc,v,[-Inf;1.02],t,f,[-Inf;2.5],f,g,(105; Inf],(492; Inf],+
b,[-Inf; Inf],[-Inf;4.2075],u,g,q,h,(1.02; Inf],t,f,[-Inf;2.5],t,g,[-Inf;105],(492; Inf],+
b,[-Inf; Inf],[-Inf;4.2075],y,p,d,v,(1.02; Inf],f,f,[-Inf;2.5],t,g,(105; Inf],[-Inf;492],+
a,[-Inf; Inf],[-Inf;4.2075],y,p,aa,v,[-Inf;1.02],t,f,[-Inf;2.5],t,g,(105; Inf],[-Inf;492],+
b,[-Inf; Inf],[-Inf;4.2075],u,g,c,bb,(1.02; Inf],t,f,[-Inf;2.5],f,g,[-Inf;105],[-Inf;492],+
b,[-Inf; Inf],(4.2075; Inf],u,g,k,h,(1.02; Inf],t,f,[-Inf;2.5],t,g,[-Inf;105],(492; Inf],+
a,[-Inf; Inf],(4.2075; Inf],u,g,k,h,(1.02; Inf],t,f,[-Inf;2.5],t,g,[-Inf;105],[-Inf;492],+
b,[-Inf; Inf],(4.2075; Inf],u,g,q,h,(1.02; Inf],t,f,[-Inf;2.5],f,g,[-Inf;105],[-Inf;492],+
b,[-Inf; Inf],[-Inf;4.2075],y,p,w,v,[-Inf;1.02],t,f,[-Inf;2.5],t,g,(105; Inf],(492; Inf],+
b,[-Inf; Inf],(4.2075; Inf],u,g,aa,v,(1.02; Inf],t,f,[-Inf;2.5],t,s,[-Inf;105],[-Inf;492],+
a,[-Inf; Inf],(4.2075; Inf],u,g,q,v,(1.02; Inf],t,t,(2.5; Inf],f,g,[-Inf;105],(492; Inf],+
b,[-Inf; Inf],(4.2075; Inf],u,g,aa,v,(1.02; Inf],t,t,(2.5; Inf],f,g,[-Inf;105],[-Inf;492],+
b,[-Inf; Inf],[-Inf;4.2075],u,g,c,bb,(1.02; Inf],t,t,(2.5; Inf],f,g,[-Inf;105],(492; Inf],+
a,[-Inf; Inf],[-Inf;4.2075],u,g,i,bb,[-Inf;1.02],t,t,(2.5; Inf],f,s,[-Inf;105],[-Inf;492],+
a,[-Inf; Inf],[-Inf;4.2075],u,g,q,v,[-Inf;1.02],t,t,(2.5; Inf],f,g,[-Inf;105],[-Inf;492],+
a,[-Inf; Inf],(4.2075; Inf],u,g,c,v,(1.02; Inf],t,t,(2.5; Inf],f,g,[-Inf;105],(492; Inf],+
a,[-Inf; Inf],(4.2075; Inf],u,g,q,v,(1.02; Inf],t,t,(2.5; Inf],f,g,(105; Inf],(492; Inf],+
b,[-Inf; Inf],(4.2075; Inf],u,g,aa,bb,(1.02; Inf],t,t,[-Inf;2.5],f,g,[-Inf;105],(492; Inf],+
b,[-Inf; Inf],(4.2075; Inf],u,g,c,v,(1.02; Inf],t,t,(2.5; Inf],f,g,[-Inf;105],(492; Inf],+
a,[-Inf; Inf],[-Inf;4.2075],u,g,c,v,(1.02; Inf],t,t,(2.5; Inf],t,g,(105; Inf],(492; Inf],+
a,[-Inf; Inf],(4.2075; Inf],u,g,q,h,(1.02; Inf],t,t,[-Inf;2.5],f,g,[-Inf;105],[-Inf;492],+
b,[-Inf; Inf],(4.2075; Inf],u,g,c,v,(1.02; Inf],t,f,[-Inf;2.5],t,g,[-Inf;105],[-Inf;492],+
b,[-Inf; Inf],[-Inf;4.2075],u,g,i,h,(1.02; Inf],t,f,[-Inf;2.5],f,g,(105; Inf],[-Inf;492],+
b,[-Inf; Inf],[-Inf;4.2075],u,g,x,v,(1.02; Inf],t,f,[-Inf;2.5],f,g,(105; Inf],(492; Inf],+
b,[-Inf; Inf],[-Inf;4.2075],y,p,w,v,(1.02; Inf],t,t,(2.5; Inf],f,g,[-Inf;105],[-Inf;492],+
b,[-Inf; Inf],[-Inf;4.2075],y,p,i,bb,(1.02; Inf],t,t,(2.5; Inf],t,g,(105; Inf],[-Inf;492],+
b,[-Inf; Inf],(4.2075; Inf],y,p,c,bb,(1.02; Inf],t,t,(2.5; Inf],t,g,(105; Inf],[-Inf;492],+
b,[-Inf; Inf],(4.2075; Inf],u,g,w,h,(1.02; Inf],t,t,(2.5; Inf],f,g,[-Inf;105],(492; Inf],+
b,[-Inf; Inf],[-Inf;4.2075],y,p,aa,v,(1.02; Inf],t,t,(2.5; Inf],t,g,(105; Inf],(492; Inf],+
b,[-Inf; Inf],(4.2075; Inf],u,g,x,v,[-Inf;1.02],t,t,(2.5; Inf],f,g,[-Inf;105],[-Inf;492],+
a,[-Inf; Inf],[-Inf;4.2075],u,g,q,h,(1.02; Inf],t,t,[-Inf;2.5],f,g,[-Inf;105],(492; Inf],+
a,[-Inf; Inf],[-Inf;4.2075],u,g,i,bb,(1.02; Inf],t,f,[-Inf;2.5],t,g,[-Inf;105],[-Inf;492],+
b,[-Inf; Inf],[-Inf;4.2075],u,g,c,v,(1.02; Inf],t,t,(2.5; Inf],f,g,(105; Inf],(492; Inf],+
a,[-Inf; Inf],(4.2075; Inf],u,g,q,v,[-Inf;1.02],t,t,[-Inf;2.5],t,g,[-Inf;105],[-Inf;492],+
b,[-Inf; Inf],[-Inf;4.2075],y,p,w,v,[-Inf;1.02],t,t,[-Inf;2.5],f,g,[-Inf;105],(492; Inf],+
a,[-Inf; Inf],(4.2075; Inf],u,g,q,h,(1.02; Inf],t,t,(2.5; Inf],f,g,[-Inf;105],(492; Inf],+
a,[-Inf; Inf],[-Inf;4.2075],,,,,[-Inf;1.02],f,f,[-Inf;2.5],f,p,(105; Inf],[-Inf;492],+
b,[-Inf; Inf],(4.2075; Inf],u,g,q,h,(1.02; Inf],t,t,(2.5; Inf],f,g,(105; Inf],[-Inf;492],+
b,[-Inf; Inf],[-Inf;4.2075],u,g,k,v,(1.02; Inf],t,t,(2.5; Inf],f,g,(105; Inf],(492; Inf],+
b,[-Inf; Inf],(4.2075; Inf],u,g,cc,h,(1.02; Inf],t,t,(2.5; Inf],t,g,(105; Inf],[-Inf;492],+
b,[-Inf; Inf],(4.2075; Inf],y,p,d,v,(1.02; Inf],t,f,[-Inf;2.5],t,s,[-Inf;105],[-Inf;492],+
b,[-Inf; Inf],(4.2075; Inf],u,g,ff,ff,(1.02; Inf],t,t,(2.5; Inf],t,g,[-Inf;105],(492; Inf],+
b,[-Inf; Inf],(4.2075; Inf],u,g,i,v,(1.02; Inf],t,t,(2.5; Inf],f,g,[-Inf;105],(492; Inf],+
b,[-Inf; Inf],[-Inf;4.2075],y,p,cc,v,(1.02; Inf],t,t,[-Inf;2.5],f,g,(105; Inf],[-Inf;492],+
b,[-Inf; Inf],[-Inf;4.2075],u,g,aa,v,(1.02; Inf],t,f,[-Inf;2.5],f,s,(105; Inf],[-Inf;492],+
b,[-Inf; Inf],[-Inf;4.2075],u,g,cc,h,(1.02; Inf],t,t,(2.5; Inf],f,g,(105; Inf],[-Inf;492],+
b,[-Inf; Inf],(4.2075; Inf],u,g,ff,ff,(1.02; Inf],t,t,(2.5; Inf],f,g,[-Inf;105],(492; Inf],+
b,[-Inf; Inf],(4.2075; Inf],u,g,e,v,(1.02; Inf],t,t,(2.5; Inf],f,g,[-Inf;105],[-Inf;492],+
a,[-Inf; Inf],(4.2075; Inf],y,p,c,v,[-Inf;1.02],t,t,(2.5; Inf],t,g,[-Inf;105],(492; Inf],+
a,[-Inf; Inf],(4.2075; Inf],u,g,aa,v,(1.02; Inf],t,t,(2.5; Inf],t,g,(105; Inf],[-Inf;492],+
b,[-Inf; Inf],(4.2075; Inf],u,g,e,z,(1.02; Inf],t,t,(2.5; Inf],t,g,[-Inf;105],[-Inf;492],+
a,[-Inf; Inf],(4.2075; Inf],u,g,aa,v,(1.02; Inf],t,f,[-Inf;2.5],t,g,[-Inf;105],[-Inf;492],+
a,[-Inf; Inf],(4.2075; Inf],u,g,aa,v,[-Inf;1.02],t,f,[-Inf;2.5],f,g,[-Inf;105],[-Inf;492],+
a,[-Inf; Inf],(4.2075; Inf],u,g,q,v,[-Inf;1.02],t,f,[-Inf;2.5],t,g,(105; Inf],[-Inf;492],+
b,[-Inf; Inf],(4.2075; Inf],u,g,k,v,[-Inf;1.02],t,f,[-Inf;2.5],f,g,[-Inf;105],[-Inf;492],+
a,[-Inf; Inf],(4.2075; Inf],y,p,x,v,(1.02; Inf],f,f,[-Inf;2.5],f,g,(105; Inf],[-Inf;492],+
b,[-Inf; Inf],[-Inf;4.2075],u,g,q,v,(1.02; Inf],t,t,[-Inf;2.5],t,g,[-Inf;105],[-Inf;492],+
b,[-Inf; Inf],(4.2075; Inf],u,g,cc,v,[-Inf;1.02],t,f,[-Inf;2.5],f,g,[-Inf;105],[-Inf;492],+
b,[-Inf; Inf],[-Inf;4.2075],u,g,cc,v,[-Inf;1.02],t,t,(2.5; Inf],f,g,[-Inf;105],(492; Inf],+
a,[-Inf; Inf],[-Inf;4.2075],u,g,x,v,(1.02; Inf],t,t,[-Inf;2.5],t,g,(105; Inf],(492; Inf],+
b,[-Inf; Inf],[-Inf;4.2075],u,g,x,h,(1.02; Inf],t,t,(2.5; Inf],t,g,(105; Inf],(492; Inf],+
b,[-Inf; Inf],(4.2075; Inf],u,g,w,v,(1.02; Inf],t,f,[-Inf;2.5],t,g,(105; Inf],(492; Inf],+
a,[-Inf; Inf],[-Inf;4.2075],u,g,q,v,(1.02; Inf],t,t,(2.5; Inf],f,g,(105; Inf],(492; Inf],+
b,[-Inf; Inf],[-Inf;4.2075],u,g,i,bb,[-Inf;1.02],t,f,[-Inf;2.5],t,g,[-Inf;105],[-Inf;492],+
b,[-Inf; Inf],(4.2075; Inf],u,g,aa,v,(1.02; Inf],t,t,[-Inf;2.5],f,g,[-Inf;105],(492; Inf],+
b,[-Inf; Inf],(4.2075; Inf],u,g,q,v,(1.02; Inf],t,f,[-Inf;2.5],f,s,[-Inf;105],[-Inf;492],+
b,[-Inf; Inf],(4.2075; Inf],u,g,x,v,(1.02; Inf],t,t,(2.5; Inf],f,g,(105; Inf],[-Inf;492],+
b,[-Inf; Inf],(4.2075; Inf],y,p,c,v,(1.02; Inf],t,f,[-Inf;2.5],f,s,[-Inf;105],[-Inf;492],+
b,[-Inf; Inf],(4.2075; Inf],u,g,w,v,(1.02; Inf],t,t,(2.5; Inf],f,g,(105; Inf],[-Inf;492],+
b,[-Inf; Inf],(4.2075; Inf],u,g,w,v,(1.02; Inf],t,f,[-Inf;2.5],t,g,[-Inf;105],[-Inf;492],+
a,[-Inf; Inf],(4.2075; Inf],u,g,q,v,(1.02; Inf],t,t,(2.5; Inf],f,g,(105; Inf],(492; Inf],+
b,[-Inf; Inf],[-Inf;4.2075],u,g,i,v,(1.02; Inf],t,t,[-Inf;2.5],f,g,(105; Inf],[-Inf;492],+
b,[-Inf; Inf],[-Inf;4.2075],y,p,c,h,(1.02; Inf],t,t,[-Inf;2.5],t,g,(105; Inf],(492; Inf],+
a,[-Inf; Inf],[-Inf;4.2075],u,g,q,h,[-Inf;1.02],t,t,(2.5; Inf],f,g,[-Inf;105],[-Inf;492],+
,[-Inf; Inf],(4.2075; Inf],u,g,c,bb,(1.02; Inf],t,t,[-Inf;2.5],f,g,[-Inf;105],[-Inf;492],+
b,[-Inf; Inf],(4.2075; Inf],u,g,x,v,[-Inf;1.02],t,t,(2.5; Inf],f,g,(105; Inf],[-Inf;492],+
b,[-Inf; Inf],(4.2075; Inf],u,g,e,z,(1.02; Inf],t,t,(2.5; Inf],f,g,[-Inf;105],(492; Inf],+
b,[-Inf; Inf],(4.2075; Inf],u,g,q,h,(1.02; Inf],t,t,(2.5; Inf],t,g,(105; Inf],[-Inf;492],+
a,[-Inf; Inf],(4.2075; Inf],u,g,x,h,[-Inf;1.02],t,t,(2.5; Inf],f,g,[-Inf;105],(492; Inf],+
b,[-Inf; Inf],(4.2075; Inf],u,g,x,h,[-Inf;1.02],t,t,[-Inf;2.5],f,g,[-Inf;105],[-Inf;492],+
b,[-Inf; Inf],[-Inf;4.2075],u,g,k,v,[-Inf;1.02],f,f,[-Inf;2.5],f,g,(105; Inf],(492; Inf],-
b,[-Inf; Inf],(4.2075; Inf],u,g,c,h,(1.02; Inf],f,f,[-Inf;2.5],f,g,(105; Inf],[-Inf;492],-
b,[-Inf; Inf],(4.2075; Inf],u,g,c,v,(1.02; Inf],f,f,[-Inf;2.5],t,g,(105; Inf],[-Inf;492],-
b,[-Inf; Inf],[-Inf;4.2075],u,g,d,v,[-Inf;1.02],f,f,[-Inf;2.5],f,g,(105; Inf],[-Inf;492],-
a,[-Inf; Inf],(4.2075; Inf],u,g,i,v,[-Inf;1.02],f,f,[-Inf;2.5],f,g,(105; Inf],(492; Inf],-
a,[-Inf; Inf],[-Inf;4.2075],y,p,c,v,[-Inf;1.02],f,f,[-Inf;2.5],f,g,(105; Inf],[-Inf;492],-
b,[-Inf; Inf],[-Inf;4.2075],u,g,d,h,(1.02; Inf],f,f,[-Inf;2.5],t,g,(105; Inf],[-Inf;492],-
a,[-Inf; Inf],[-Inf;4.2075],y,p,ff,ff,[-Inf;1.02],f,f,[-Inf;2.5],f,g,[-Inf;105],[-Inf;492],-
a,[-Inf; Inf],[-Inf;4.2075],u,g,i,o,[-Inf;1.02],f,f,[-Inf;2.5],f,g,[-Inf;105],[-Inf;492],-
a,[-Inf; Inf],(4.2075; Inf],y,p,x,h,[-Inf;1.02],f,f,[-Inf;2.5],t,g,(105; Inf],[-Inf;492],-
b,[-Inf; Inf],[-Inf;4.2075],u,g,ff,ff,[-Inf;1.02],f,f,[-Inf;2.5],f,g,(105; Inf],[-Inf;492],-
b,[-Inf; Inf],[-Inf;4.2075],y,p,c,v,[-Inf;1.02],f,f,[-Inf;2.5],f,g,(105; Inf],(492; Inf],-
b,[-Inf; Inf],[-Inf;4.2075],y,p,e,dd,[-Inf;1.02],f,f,[-Inf;2.5],f,g,[-Inf;105],[-Inf;492],-
a,[-Inf; Inf],(4.2075; Inf],u,g,d,v,(1.02; Inf],f,f,[-Inf;2.5],f,g,(105; Inf],[-Inf;492],-
b,[-Inf; Inf],[-Inf;4.2075],u,g,q,v,[-Inf;1.02],t,f,[-Inf;2.5],t,g,(105; Inf],[-Inf;492],+
b,[-Inf; Inf],[-Inf;4.2075],u,g,q,n,[-Inf;1.02],f,f,[-Inf;2.5],f,g,(105; Inf],[-Inf;492],+
b,[-Inf; Inf],[-Inf;4.2075],,,,,[-Inf;1.02],f,f,[-Inf;2.5],f,p,(105; Inf],[-Inf;492],+
b,[-Inf; Inf],[-Inf;4.2075],u,g,c,v,(1.02; Inf],f,f,[-Inf;2.5],t,g,(105; Inf],[-Inf;492],-
b,[-Inf; Inf],(4.2075; Inf],y,p,m,v,[-Inf;1.02],f,f,[-Inf;2.5],f,g,(105; Inf],[-Inf;492],-
b,[-Inf; Inf],(4.2075; Inf],y,p,k,v,[-Inf;1.02],f,f,[-Inf;2.5],f,g,(105; Inf],[-Inf;492],-
b,[-Inf; Inf],[-Inf;4.2075],u,g,cc,h,(1.02; Inf],f,f,[-Inf;2.5],t,s,(105; Inf],[-Inf;492],-
b,[-Inf; Inf],(4.2075; Inf],u,g,d,v,[-Inf;1.02],f,f,[-Inf;2.5],f,g,(105; Inf],[-Inf;492],-
a,[-Inf; Inf],(4.2075; Inf],u,g,i,h,[-Inf;1.02],f,f,[-Inf;2.5],f,g,[-Inf;105],[-Inf;492],-
b,[-Inf; Inf],(4.2075; Inf],y,p,ff,ff,[-Inf;1.02],f,f,[-Inf;2.5],f,g,(105; Inf],[-Inf;492],-
b,[-Inf; Inf],[-Inf;4.2075],u,g,m,v,[-Inf;1.02],t,f,[-Inf;2.5],f,s,(105; Inf],[-Inf;492],-
b,[-Inf; Inf],[-Inf;4.2075],y,p,c,h,[-Inf;1.02],f,f,[-Inf;2.5],f,g,(105; Inf],[-Inf;492],-
b,[-Inf; Inf],(4.2075; Inf],u,g,c,v,[-Inf;1.02],f,f,[-Inf;2.5],f,s,[-Inf;105],[-Inf;492],-
a,[-Inf; Inf],[-Inf;4.2075],u,g,q,v,[-Inf;1.02],f,t,[-Inf;2.5],f,g,(105; Inf],[-Inf;492],-
b,[-Inf; Inf],(4.2075; Inf],u,g,c,v,[-Inf;1.02],f,t,[-Inf;2.5],f,g,[-Inf;105],(492; Inf],-
b,[-Inf; Inf],(4.2075; Inf],u,g,w,h,[-Inf;1.02],f,t,[-Inf;2.5],f,g,(105; Inf],[-Inf;492],-
a,[-Inf; Inf],[-Inf;4.2075],u,g,ff,ff,[-Inf;1.02],f,t,[-Inf;2.5],t,g,(105; Inf],[-Inf;492],-
b,[-Inf; Inf],[-Inf;4.2075],u,g,w,v,[-Inf;1.02],f,t,[-Inf;2.5],f,g,(105; Inf],(492; Inf],-
b,[-Inf; Inf],[-Inf;4.2075],y,p,c,v,[-Inf;1.02],f,t,[-Inf;2.5],f,g,(105; Inf],[-Inf;492],-
a,[-Inf; Inf],[-Inf;4.2075],y,p,j,j,[-Inf;1.02],f,f,[-Inf;2.5],f,g,(105; Inf],[-Inf;492],-
b,[-Inf; Inf],[-Inf;4.2075],u,g,m,v,[-Inf;1.02],f,f,[-Inf;2.5],t,s,(105; Inf],[-Inf;492],-
a,[-Inf; Inf],(4.2075; Inf],u,g,w,v,[-Inf;1.02],f,t,[-Inf;2.5],f,g,(105; Inf],[-Inf;492],-
b,[-Inf; Inf],[-Inf;4.2075],u,g,w,v,[-Inf;1.02],f,t,[-Inf;2.5],f,g,(105; Inf],[-Inf;492],-
b,[-Inf; Inf],[-Inf;4.2075],u,g,w,v,[-Inf;1.02],f,t,[-Inf;2.5],f,g,(105; Inf],[-Inf;492],-
a,[-Inf; Inf],[-Inf;4.2075],u,g,ff,ff,(1.02; Inf],f,t,[-Inf;2.5],t,g,(105; Inf],[-Inf;492],-
b,[-Inf; Inf],(4.2075; Inf],u,g,ff,ff,(1.02; Inf],f,t,[-Inf;2.5],f,g,[-Inf;105],[-Inf;492],-
b,[-Inf; Inf],[-Inf;4.2075],u,g,aa,v,(1.02; Inf],f,t,[-Inf;2.5],t,g,(105; Inf],[-Inf;492],-
b,[-Inf; Inf],[-Inf;4.2075],u,g,aa,v,[-Inf;1.02],f,t,[-Inf;2.5],f,g,[-Inf;105],[-Inf;492],-
b,[-Inf; Inf],(4.2075; Inf],u,g,c,v,(1.02; Inf],f,t,[-Inf;2.5],t,g,(105; Inf],[-Inf;492],-
a,[-Inf; Inf],[-Inf;4.2075],u,g,ff,ff,(1.02; Inf],f,t,[-Inf;2.5],f,g,[-Inf;105],[-Inf;492],-
b,[-Inf; Inf],[-Inf;4.2075],u,g,d,v,[-Inf;1.02],f,f,[-Inf;2.5],t,s,(105; Inf],[-Inf;492],-
b,[-Inf; Inf],[-Inf;4.2075],u,g,c,v,[-Inf;1.02],f,f,[-Inf;2.5],t,s,(105; Inf],[-Inf;492],-
a,[-Inf; Inf],[-Inf;4.2075],u,g,q,v,[-Inf;1.02],f,f,[-Inf;2.5],f,g,(105; Inf],[-Inf;492],-
a,[-Inf; Inf],(4.2075; Inf],u,g,q,h,(1.02; Inf],f,f,[-Inf;2.5],f,g,(105; Inf],[-Inf;492],-
b,[-Inf; Inf],(4.2075; Inf],y,p,ff,ff,[-Inf;1.02],t,f,[-Inf;2.5],t,g,[-Inf;105],[-Inf;492],-
b,[-Inf; Inf],[-Inf;4.2075],u,g,ff,ff,(1.02; Inf],f,f,[-Inf;2.5],f,g,(105; Inf],[-Inf;492],-
b,[-Inf; Inf],(4.2075; Inf],u,g,ff,ff,[-Inf;1.02],f,f,[-Inf;2.5],f,g,[-Inf;105],[-Inf;492],-
b,[-Inf; Inf],[-Inf;4.2075],u,g,k,h,[-Inf;1.02],f,f,[-Inf;2.5],t,s,(105; Inf],[-Inf;492],-
a,[-Inf; Inf],[-Inf;4.2075],y,p,j,j,[-Inf;1.02],f,f,[-Inf;2.5],f,g,(105; Inf],[-Inf;492],-
a,[-Inf; Inf],(4.2075; Inf],u,g,w,v,[-Inf;1.02],f,f,[-Inf;2.5],t,g,(105; Inf],[-Inf;492],-
b,[-Inf; Inf],[-Inf;4.2075],y,p,c,v,(1.02; Inf],f,f,[-Inf;2.5],t,g,(105; Inf],[-Inf;492],-
a,[-Inf; Inf],(4.2075; Inf],u,g,d,v,[-Inf;1.02],f,f,[-Inf;2.5],f,g,[-Inf;105],[-Inf;492],-
b,[-Inf; Inf],[-Inf;4.2075],y,p,aa,v,[-Inf;1.02],f,f,[-Inf;2.5],f,g,[-Inf;105],[-Inf;492],-
b,[-Inf; Inf],[-Inf;4.2075],u,g,m,v,[-Inf;1.02],t,f,[-Inf;2.5],t,s,(105; Inf],[-Inf;492],-
b,[-Inf; Inf],[-Inf;4.2075],y,p,c,h,[-Inf;1.02],f,f,[-Inf;2.5],f,g,(105; Inf],[-Inf;492],-
b,[-Inf; Inf],(4.2075; Inf],l,gg,ff,o,[-Inf;1.02],f,f,[-Inf;2.5],t,p,(105; Inf],(492; Inf],+
b,[-Inf; Inf],[-Inf;4.2075],y,p,m,bb,[-Inf;1.02],f,f,[-Inf;2.5],t,s,(105; Inf],[-Inf;492],+
b,[-Inf; Inf],[-Inf;4.2075],y,p,c,v,(1.02; Inf],f,f,[-Inf;2.5],t,g,(105; Inf],[-Inf;492],+
b,[-Inf; Inf],[-Inf;4.2075],u,g,w,v,(1.02; Inf],f,f,[-Inf;2.5],f,g,(105; Inf],[-Inf;492],+
a,[-Inf; Inf],[-Inf;4.2075],l,gg,cc,ff,(1.02; Inf],f,f,[-Inf;2.5],t,s,(105; Inf],[-Inf;492],+
a,[-Inf; Inf],[-Inf;4.2075],u,g,cc,v,[-Inf;1.02],f,f,[-Inf;2.5],f,g,(105; Inf],[-Inf;492],+
b,[-Inf; Inf],[-Inf;4.2075],u,g,w,v,(1.02; Inf],f,f,[-Inf;2.5],f,g,(105; Inf],[-Inf;492],-
,[-Inf; Inf],[-Inf;4.2075],u,g,i,bb,[-Inf;1.02],f,f,[-Inf;2.5],f,s,(105; Inf],[-Inf;492],-
b,[-Inf; Inf],[-Inf;4.2075],y,p,w,v,(1.02; Inf],f,f,[-Inf;2.5],f,s,(105; Inf],[-Inf;492],-
b,[-Inf; Inf],[-Inf;4.2075],y,p,i,v,[-Inf;1.02],f,f,[-Inf;2.5],t,g,(105; Inf],[-Inf;492],-
b,[-Inf; Inf],[-Inf;4.2075],,,,,[-Inf;1.02],f,f,[-Inf;2.5],f,p,(105; Inf],[-Inf;492],-
a,[-Inf; Inf],[-Inf;4.2075],y,p,c,v,(1.02; Inf],f,f,[-Inf;2.5],t,g,[-Inf;105],[-Inf;492],-
b,[-Inf; Inf],[-Inf;4.2075],u,g,c,v,[-Inf;1.02],f,f,[-Inf;2.5],f,g,(105; Inf],[-Inf;492],-
a,[-Inf; Inf],(4.2075; Inf],u,g,d,v,[-Inf;1.02],f,f,[-Inf;2.5],t,g,(105; Inf],(492; Inf],-
b,[-Inf; Inf],[-Inf;4.2075],u,g,cc,bb,[-Inf;1.02],f,f,[-Inf;2.5],f,g,(105; Inf],[-Inf;492],-
b,[-Inf; Inf],[-Inf;4.2075],u,g,q,h,[-Inf;1.02],f,f,[-Inf;2.5],t,g,(105; Inf],[-Inf;492],-
b,[-Inf; Inf],(4.2075; Inf],u,g,c,v,[-Inf;1.02],f,f,[-Inf;2.5],t,g,[-Inf;105],[-Inf;492],-
a,[-Inf; Inf],[-Inf;4.2075],y,p,i,h,[-Inf;1.02],f,f,[-Inf;2.5],t,g,(105; Inf],[-Inf;492],-
a,[-Inf; Inf],[-Inf;4.2075],y,p,aa,v,(1.02; Inf],f,f,[-Inf;2.5],f,g,(105; Inf],[-Inf;492],-
b,[-Inf; Inf],[-Inf;4.2075],u,g,w,v,[-Inf;1.02],f,f,[-Inf;2.5],t,g,(105; Inf],[-Inf;492],-
a,[-Inf; Inf],[-Inf;4.2075],u,g,c,v,(1.02; Inf],f,f,[-Inf;2.5],f,g,(105; Inf],[-Inf;492],-
b,[-Inf; Inf],[-Inf;4.2075],u,g,aa,v,[-Inf;1.02],f,f,[-Inf;2.5],f,g,(105; Inf],[-Inf;492],-
b,[-Inf; Inf],[-Inf;4.2075],u,g,i,bb,[-Inf;1.02],f,f,[-Inf;2.5],f,g,(105; Inf],[-Inf;492],-
b,[-Inf; Inf],[-Inf;4.2075],u,g,k,v,[-Inf;1.02],f,f,[-Inf;2.5],t,g,(105; Inf],[-Inf;492],-
,[-Inf; Inf],[-Inf;4.2075],u,g,c,v,[-Inf;1.02],f,f,[-Inf;2.5],t,g,(105; Inf],[-Inf;492],-
b,[-Inf; Inf],(4.2075; Inf],y,p,c,bb,(1.02; Inf],f,f,[-Inf;2.5],f,g,(105; Inf],(492; Inf],-
b,[-Inf; Inf],[-Inf;4.2075],u,g,w,v,(1.02; Inf],f,t,[-Inf;2.5],t,g,[-Inf;105],[-Inf;492],-
b,[-Inf; Inf],(4.2075; Inf],y,p,m,v,(1.02; Inf],f,f,[-Inf;2.5],t,g,[-Inf;105],(492; Inf],-
b,[-Inf; Inf],[-Inf;4.2075],u,g,d,v,[-Inf;1.02],f,f,[-Inf;2.5],t,s,[-Inf;105],[-Inf;492],-
b,[-Inf; Inf],[-Inf;4.2075],u,g,i,v,[-Inf;1.02],f,f,[-Inf;2.5],t,g,(105; Inf],[-Inf;492],-
a,[-Inf; Inf],[-Inf;4.2075],u,g,aa,v,[-Inf;1.02],f,t,[-Inf;2.5],t,g,(105; Inf],[-Inf;492],-
b,[-Inf; Inf],[-Inf;4.2075],u,g,d,v,[-Inf;1.02],f,f,[-Inf;2.5],f,g,(105; Inf],[-Inf;492],-
a,[-Inf; Inf],[-Inf;4.2075],u,g,q,v,[-Inf;1.02],f,f,[-Inf;2.5],t,g,(105; Inf],[-Inf;492],-
b,[-Inf; Inf],[-Inf;4.2075],u,g,d,v,[-Inf;1.02],f,f,[-Inf;2.5],t,g,(105; Inf],[-Inf;492],-
a,[-Inf; Inf],(4.2075; Inf],u,g,ff,ff,[-Inf;1.02],f,f,[-Inf;2.5],f,g,(105; Inf],[-Inf;492],-
a,[-Inf; Inf],(4.2075; Inf],u,g,k,v,(1.02; Inf],f,f,[-Inf;2.5],t,s,[-Inf;105],[-Inf;492],-
b,[-Inf; Inf],[-Inf;4.2075],u,g,ff,ff,[-Inf;1.02],f,f,[-Inf;2.5],t,g,[-Inf;105],(492; Inf],-
b,[-Inf; Inf],[-Inf;4.2075],u,g,k,ff,[-Inf;1.02],f,f,[-Inf;2.5],f,g,[-Inf;105],[-Inf;492],-
b,[-Inf; Inf],[-Inf;4.2075],y,p,k,v,[-Inf;1.02],f,f,[-Inf;2.5],f,s,(105; Inf],[-Inf;492],-
b,[-Inf; Inf],[-Inf;4.2075],u,g,e,dd,[-Inf;1.02],f,t,[-Inf;2.5],f,g,(105; Inf],(492; Inf],-
b,[-Inf; Inf],[-Inf;4.2075],u,g,m,v,(1.02; Inf],f,t,[-Inf;2.5],t,g,(105; Inf],[-Inf;492],-
a,[-Inf; Inf],(4.2075; Inf],u,g,aa,v,[-Inf;1.02],f,f,[-Inf;2.5],f,g,(105; Inf],(492; Inf],-
b,[-Inf; Inf],[-Inf;4.2075],y,p,m,v,[-Inf;1.02],f,f,[-Inf;2.5],f,s,(105; Inf],[-Inf;492],-
a,[-Inf; Inf],(4.2075; Inf],y,p,k,h,(1.02; Inf],f,f,[-Inf;2.5],t,g,[-Inf;105],[-Inf;492],-
b,[-Inf; Inf],[-Inf;4.2075],y,p,r,n,[-Inf;1.02],f,f,[-Inf;2.5],t,g,(105; Inf],[-Inf;492],-
b,[-Inf; Inf],[-Inf;4.2075],y,p,w,v,(1.02; Inf],f,f,[-Inf;2.5],t,g,(105; Inf],[-Inf;492],-
b,[-Inf; Inf],(4.2075; Inf],u,g,e,dd,[-Inf;1.02],f,f,[-Inf;2.5],t,g,(105; Inf],(492; Inf],-
a,[-Inf; Inf],(4.2075; Inf],u,g,k,h,[-Inf;1.02],f,f,[-Inf;2.5],t,s,(105; Inf],[-Inf;492],-
b,[-Inf; Inf],[-Inf;4.2075],u,g,w,v,[-Inf;1.02],f,f,[-Inf;2.5],f,g,[-Inf;105],[-Inf;492],-
,[-Inf; Inf],[-Inf;4.2075],u,g,aa,v,[-Inf;1.02],f,f,[-Inf;2.5],f,g,(105; Inf],(492; Inf],-
a,[-Inf; Inf],[-Inf;4.2075],y,p,e,dd,[-Inf;1.02],f,f,[-Inf;2.5],f,g,(105; Inf],[-Inf;492],-
b,[-Inf; Inf],(4.2075; Inf],u,g,d,v,[-Inf;1.02],f,f,[-Inf;2.5],f,g,[-Inf;105],[-Inf;492],-
b,[-Inf; Inf],[-Inf;4.2075],y,p,c,v,(1.02; Inf],f,f,[-Inf;2.5],t,s,(105; Inf],[-Inf;492],-
b,[-Inf; Inf],[-Inf;4.2075],u,g,i,bb,(1.02; Inf],f,f,[-Inf;2.5],t,s,(105; Inf],[-Inf;492],-
b,[-Inf; Inf],(4.2075; Inf],u,g,i,bb,(1.02; Inf],f,f,[-Inf;2.5],t,g,(105; Inf],[-Inf;492],-
a,[-Inf; Inf],(4.2075; Inf],u,g,c,v,[-Inf;1.02],f,f,[-Inf;2.5],f,g,(105; Inf],[-Inf;492],-
a,[-Inf; Inf],[-Inf;4.2075],y,p,i,bb,(1.02; Inf],f,f,[-Inf;2.5],f,g,(105; Inf],[-Inf;492],-
a,[-Inf; Inf],(4.2075; Inf],y,p,ff,ff,(1.02; Inf],f,f,[-Inf;2.5],t,g,[-Inf;105],[-Inf;492],-
b,[-Inf; Inf],(4.2075; Inf],u,g,k,v,(1.02; Inf],f,f,[-Inf;2.5],t,g,[-Inf;105],(492; Inf],-
b,[-Inf; Inf],[-Inf;4.2075],y,p,aa,v,[-Inf;1.02],f,f,[-Inf;2.5],t,g,(105; Inf],[-Inf;492],-
b,[-Inf; Inf],[-Inf;4.2075],u,g,c,v,[-Inf;1.02],f,f,[-Inf;2.5],t,s,[-Inf;105],[-Inf;492],-
b,[-Inf; Inf],(4.2075; Inf],u,g,i,bb,[-Inf;1.02],f,f,[-Inf;2.5],t,g,(105; Inf],[-Inf;492],-
b,[-Inf; Inf],[-Inf;4.2075],u,g,m,v,[-Inf;1.02],f,f,[-Inf;2.5],f,s,[-Inf;105],[-Inf;492],-
b,[-Inf; Inf],(4.2075; Inf],u,g,e,v,[-Inf;1.02],f,f,[-Inf;2.5],f,g,(105; Inf],[-Inf;492],-
b,[-Inf; Inf],(4.2075; Inf],u,g,i,bb,[-Inf;1.02],f,f,[-Inf;2.5],f,g,(105; Inf],[-Inf;492],-
b,[-Inf; Inf],(4.2075; Inf],u,g,aa,bb,[-Inf;1.02],f,f,[-Inf;2.5],t,g,(105; Inf],[-Inf;492],-
b,[-Inf; Inf],[-Inf;4.2075],u,g,m,v,[-Inf;1.02],f,f,[-Inf;2.5],t,g,(105; Inf],[-Inf;492],-
b,[-Inf; Inf],[-Inf;4.2075],y,p,w,v,[-Inf;1.02],f,f,[-Inf;2.5],f,g,[-Inf;105],[-Inf;492],-
a,[-Inf; Inf],[-Inf;4.2075],u,g,d,v,[-Inf;1.02],f,f,[-Inf;2.5],t,g,[-Inf;105],[-Inf;492],-
a,[-Inf; Inf],[-Inf;4.2075],y,p,ff,ff,[-Inf;1.02],f,f,[-Inf;2.5],f,g,(105; Inf],[-Inf;492],-
b,[-Inf; Inf],[-Inf;4.2075],u,g,c,v,[-Inf;1.02],f,f,[-Inf;2.5],f,g,(105; Inf],[-Inf;492],-
b,[-Inf; Inf],(4.2075; Inf],y,p,j,v,[-Inf;1.02],f,f,[-Inf;2.5],f,g,(105; Inf],[-Inf;492],-
b,[-Inf; Inf],[-Inf;4.2075],u,g,c,v,[-Inf;1.02],f,f,[-Inf;2.5],f,g,(105; Inf],[-Inf;492],-
a,[-Inf; Inf],(4.2075; Inf],u,g,i,bb,(1.02; Inf],f,f,[-Inf;2.5],t,g,[-Inf;105],[-Inf;492],-
b,[-Inf; Inf],(4.2075; Inf],y,p,i,bb,(1.02; Inf],f,f,[-Inf;2.5],t,g,(105; Inf],[-Inf;492],-
a,[-Inf; Inf],(4.2075; Inf],u,g,ff,ff,[-Inf;1.02],f,f,[-Inf;2.5],f,s,[-Inf;105],[-Inf;492],-
a,[-Inf; Inf],(4.2075; Inf],y,p,k,v,[-Inf;1.02],f,t,[-Inf;2.5],f,g,(105; Inf],[-Inf;492],-
a,[-Inf; Inf],[-Inf;4.2075],y,p,c,v,[-Inf;1.02],f,t,[-Inf;2.5],f,g,(105; Inf],[-Inf;492],-
b,[-Inf; Inf],[-Inf;4.2075],u,g,w,v,[-Inf;1.02],f,t,[-Inf;2.5],f,g,[-Inf;105],[-Inf;492],-
b,[-Inf; Inf],[-Inf;4.2075],u,g,q,v,[-Inf;1.02],f,t,(2.5; Inf],f,g,(105; Inf],[-Inf;492],-
b,[-Inf; Inf],[-Inf;4.2075],u,g,ff,ff,[-Inf;1.02],f,t,(2.5; Inf],f,g,(105; Inf],[-Inf;492],-
b,[-Inf; Inf],[-Inf;4.2075],u,g,c,v,(1.02; Inf],f,t,[-Inf;2.5],f,g,[-Inf;105],[-Inf;492],-
a,[-Inf; Inf],[-Inf;4.2075],u,g,i,v,[-Inf;1.02],f,f,[-Inf;2.5],f,g,(105; Inf],[-Inf;492],-
b,[-Inf; Inf],[-Inf;4.2075],u,g,i,bb,[-Inf;1.02],f,f,[-Inf;2.5],f,s,(105; Inf],[-Inf;492],-
a,[-Inf; Inf],[-Inf;4.2075],y,p,ff,ff,(1.02; Inf],f,f,[-Inf;2.5],f,g,(105; Inf],[-Inf;492],-
b,[-Inf; Inf],[-Inf;4.2075],y,p,k,v,[-Inf;1.02],f,f,[-Inf;2.5],f,g,(105; Inf],[-Inf;492],-
b,[-Inf; Inf],[-Inf;4.2075],u,g,c,v,[-Inf;1.02],f,f,[-Inf;2.5],t,g,(105; Inf],[-Inf;492],-
b,[-Inf; Inf],[-Inf;4.2075],u,g,c,v,[-Inf;1.02],f,t,[-Inf;2.5],f,g,(105; Inf],(492; Inf],-
a,[-Inf; Inf],[-Inf;4.2075],y,p,ff,ff,[-Inf;1.02],f,f,[-Inf;2.5],t,g,(105; Inf],[-Inf;492],-
b,[-Inf; Inf],[-Inf;4.2075],u,g,i,v,[-Inf;1.02],f,f,[-Inf;2.5],t,g,(105; Inf],[-Inf;492],-
b,[-Inf; Inf],[-Inf;4.2075],u,g,q,v,(1.02; Inf],f,f,[-Inf;2.5],f,g,(105; Inf],[-Inf;492],-
b,[-Inf; Inf],[-Inf;4.2075],u,g,w,v,(1.02; Inf],f,f,[-Inf;2.5],f,g,(105; Inf],[-Inf;492],-
b,[-Inf; Inf],[-Inf;4.2075],u,g,cc,v,(1.02; Inf],f,f,[-Inf;2.5],f,g,[-Inf;105],[-Inf;492],-
b,[-Inf; Inf],[-Inf;4.2075],u,g,c,v,(1.02; Inf],f,f,[-Inf;2.5],f,p,(105; Inf],[-Inf;492],-
b,[-Inf; Inf],[-Inf;4.2075],u,g,c,v,[-Inf;1.02],f,f,[-Inf;2.5],f,g,(105; Inf],[-Inf;492],-
a,[-Inf; Inf],[-Inf;4.2075],u,g,w,v,[-Inf;1.02],f,f,[-Inf;2.5],t,g,(105; Inf],[-Inf;492],-
b,[-Inf; Inf],[-Inf;4.2075],u,g,e,v,[-Inf;1.02],f,f,[-Inf;2.5],f,g,(105; Inf],[-Inf;492],-
b,[-Inf; Inf],[-Inf;4.2075],u,g,ff,ff,[-Inf;1.02],f,f,[-Inf;2.5],f,g,(105; Inf],[-Inf;492],-
b,[-Inf; Inf],[-Inf;4.2075],y,p,cc,v,[-Inf;1.02],f,f,[-Inf;2.5],f,g,(105; Inf],[-Inf;492],-
b,[-Inf; Inf],[-Inf;4.2075],y,p,c,v,[-Inf;1.02],f,f,[-Inf;2.5],f,g,(105; Inf],(492; Inf],-
b,[-Inf; Inf],[-Inf;4.2075],u,g,k,v,[-Inf;1.02],f,f,[-Inf;2.5],t,g,(105; Inf],[-Inf;492],-
b,[-Inf; Inf],[-Inf;4.2075],u,g,aa,v,[-Inf;1.02],f,f,[-Inf;2.5],f,g,(105; Inf],[-Inf;492],-
b,[-Inf; Inf],[-Inf;4.2075],u,g,c,v,(1.02; Inf],f,f,[-Inf;2.5],t,g,(105; Inf],[-Inf;492],-
b,[-Inf; Inf],[-Inf;4.2075],y,p,ff,ff,[-Inf;1.02],f,t,(2.5; Inf],f,g,[-Inf;105],[-Inf;492],-
b,[-Inf; Inf],[-Inf;4.2075],u,g,ff,ff,[-Inf;1.02],f,t,(2.5; Inf],f,g,(105; Inf],(492; Inf],-
a,[-Inf; Inf],[-Inf;4.2075],u,g,ff,ff,[-Inf;1.02],f,f,[-Inf;2.5],t,s,[-Inf;105],[-Inf;492],-
a,[-Inf; Inf],[-Inf;4.2075],u,g,ff,ff,[-Inf;1.02],f,t,[-Inf;2.5],f,g,[-Inf;105],[-Inf;492],-
b,[-Inf; Inf],[-Inf;4.2075],u,g,k,v,[-Inf;1.02],f,t,[-Inf;2.5],t,g,(105; Inf],[-Inf;492],-
b,[-Inf; Inf],[-Inf;4.2075],u,g,k,v,[-Inf;1.02],f,f,[-Inf;2.5],t,g,(105; Inf],[-Inf;492],-
a,[-Inf; Inf],[-Inf;4.2075],y,p,j,ff,[-Inf;1.02],f,f,[-Inf;2.5],f,g,[-Inf;105],[-Inf;492],-
b,[-Inf; Inf],[-Inf;4.2075],u,g,c,v,[-Inf;1.02],f,f,[-Inf;2.5],f,g,(105; Inf],[-Inf;492],-
a,[-Inf; Inf],[-Inf;4.2075],u,g,ff,ff,[-Inf;1.02],f,f,[-Inf;2.5],f,g,(105; Inf],[-Inf;492],-
b,[-Inf; Inf],[-Inf;4.2075],u,g,ff,ff,[-Inf;1.02],f,t,[-Inf;2.5],f,g,[-Inf;105],[-Inf;492],-
b,[-Inf; Inf],(4.2075; Inf],u,g,c,v,[-Inf;1.02],f,f,[-Inf;2.5],f,g,[-Inf;105],[-Inf;492],-
b,[-Inf; Inf],[-Inf;4.2075],y,p,i,bb,(1.02; Inf],f,f,[-Inf;2.5],f,g,[-Inf;105],[-Inf;492],-
b,[-Inf; Inf],[-Inf;4.2075],u,g,c,v,(1.02; Inf],f,f,[-Inf;2.5],f,g,[-Inf;105],[-Inf;492],-
b,[-Inf; Inf],(4.2075; Inf],u,g,q,v,(1.02; Inf],f,f,[-Inf;2.5],f,g,(105; Inf],[-Inf;492],-
,[-Inf; Inf],[-Inf;4.2075],u,g,w,v,[-Inf;1.02],f,f,[-Inf;2.5],t,g,(105; Inf],[-Inf;492],-
b,[-Inf; Inf],[-Inf;4.2075],u,g,d,v,(1.02; Inf],f,f,[-Inf;2.5],t,g,[-Inf;105],[-Inf;492],-
b,[-Inf; Inf],(4.2075; Inf],u,g,w,v,[-Inf;1.02],f,f,[-Inf;2.5],f,g,(105; Inf],(492; Inf],-
b,[-Inf; Inf],[-Inf;4.2075],,,,,[-Inf;1.02],f,f,[-Inf;2.5],f,p,(105; Inf],[-Inf;492],-
b,[-Inf; Inf],[-Inf;4.2075],y,p,c,v,[-Inf;1.02],f,f,[-Inf;2.5],f,g,(105; Inf],[-Inf;492],-
b,[-Inf; Inf],(4.2075; Inf],u,g,i,bb,(1.02; Inf],f,f,[-Inf;2.5],f,g,(105; Inf],(492; Inf],-
b,[-Inf; Inf],[-Inf;4.2075],y,p,c,v,(1.02; Inf],f,f,[-Inf;2.5],t,g,(105; Inf],[-Inf;492],-
a,[-Inf; Inf],[-Inf;4.2075],y,p,c,v,[-Inf;1.02],f,f,[-Inf;2.5],f,g,(105; Inf],[-Inf;492],-
b,[-Inf; Inf],[-Inf;4.2075],u,g,m,v,[-Inf;1.02],f,t,(2.5; Inf],f,g,(105; Inf],(492; Inf],-
a,[-Inf; Inf],[-Inf;4.2075],u,g,ff,ff,[-Inf;1.02],f,t,(2.5; Inf],f,g,(105; Inf],[-Inf;492],-
a,[-Inf; Inf],[-Inf;4.2075],u,g,j,j,[-Inf;1.02],f,t,[-Inf;2.5],f,g,(105; Inf],[-Inf;492],-
a,[-Inf; Inf],[-Inf;4.2075],u,g,w,h,[-Inf;1.02],f,t,(2.5; Inf],f,g,[-Inf;105],[-Inf;492],-
b,[-Inf; Inf],[-Inf;4.2075],u,g,k,v,[-Inf;1.02],f,f,[-Inf;2.5],f,g,(105; Inf],[-Inf;492],-
b,[-Inf; Inf],[-Inf;4.2075],u,g,i,h,[-Inf;1.02],f,f,[-Inf;2.5],t,g,(105; Inf],[-Inf;492],-
a,[-Inf; Inf],(4.2075; Inf],u,g,k,h,[-Inf;1.02],f,f,[-Inf;2.5],f,g,(105; Inf],[-Inf;492],-
b,[-Inf; Inf],[-Inf;4.2075],y,p,i,h,[-Inf;1.02],f,f,[-Inf;2.5],f,g,(105; Inf],[-Inf;492],-
b,[-Inf; Inf],(4.2075; Inf],u,g,i,v,[-Inf;1.02],f,f,[-Inf;2.5],f,g,[-Inf;105],[-Inf;492],-
b,[-Inf; Inf],[-Inf;4.2075],y,p,i,v,[-Inf;1.02],f,f,[-Inf;2.5],t,g,(105; Inf],(492; Inf],-
b,[-Inf; Inf],[-Inf;4.2075],u,g,c,v,[-Inf;1.02],f,f,[-Inf;2.5],f,g,[-Inf;105],[-Inf;492],-
b,[-Inf; Inf],[-Inf;4.2075],u,g,d,v,[-Inf;1.02],f,f,[-Inf;2.5],t,g,[-Inf;105],[-Inf;492],-
b,[-Inf; Inf],[-Inf;4.2075],u,g,i,h,[-Inf;1.02],f,f,[-Inf;2.5],t,g,(105; Inf],[-Inf;492],-
b,[-Inf; Inf],[-Inf;4.2075],y,p,i,h,(1.02; Inf],f,f,[-Inf;2.5],t,s,(105; Inf],[-Inf;492],-
b,[-Inf; Inf],(4.2075; Inf],u,g,i,v,[-Inf;1.02],f,f,[-Inf;2.5],f,g,[-Inf;105],[-Inf;492],-
,[-Inf; Inf],[-Inf;4.2075],y,p,,,[-Inf;1.02],f,f,[-Inf;2.5],f,s,[-Inf;105],[-Inf;492],-
a,[-Inf; Inf],[-Inf;4.2075],u,g,i,v,[-Inf;1.02],f,t,(2.5; Inf],t,g,(105; Inf],[-Inf;492],-
b,[-Inf; Inf],[-Inf;4.2075],y,p,k,v,[-Inf;1.02],f,t,[-Inf;2.5],t,g,(105; Inf],[-Inf;492],-
a,[-Inf; Inf],(4.2075; Inf],u,g,aa,v,(1.02; Inf],f,t,(2.5; Inf],t,g,[-Inf;105],[-Inf;492],-
b,[-Inf; Inf],[-Inf;4.2075],y,p,c,v,[-Inf;1.02],f,t,[-Inf;2.5],f,g,(105; Inf],[-Inf;492],-
b,[-Inf; Inf],[-Inf;4.2075],u,g,m,v,(1.02; Inf],f,f,[-Inf;2.5],f,s,[-Inf;105],[-Inf;492],-
b,[-Inf; Inf],(4.2075; Inf],y,p,ff,ff,[-Inf;1.02],f,t,[-Inf;2.5],f,g,[-Inf;105],[-Inf;492],-
b,[-Inf; Inf],[-Inf;4.2075],y,p,k,v,[-Inf;1.02],f,f,[-Inf;2.5],f,g,(105; Inf],(492; Inf],-
b,[-Inf; Inf],(4.2075; Inf],y,p,aa,v,[-Inf;1.02],f,f,[-Inf;2.5],t,g,(105; Inf],[-Inf;492],-
,[-Inf; Inf],[-Inf;4.2075],u,g,q,v,[-Inf;1.02],f,f,[-Inf;2.5],t,g,(105; Inf],[-Inf;492],-
a,[-Inf; Inf],[-Inf;4.2075],u,g,q,h,(1.02; Inf],t,t,[-Inf;2.5],f,g,(105; Inf],(492; Inf],+
b,[-Inf; Inf],[-Inf;4.2075],u,g,q,v,(1.02; Inf],t,t,[-Inf;2.5],t,g,(105; Inf],(492; Inf],+
b,[-Inf; Inf],(4.2075; Inf],u,g,m,v,(1.02; Inf],t,t,(2.5; Inf],f,g,(105; Inf],(492; Inf],+
a,[-Inf; Inf],(4.2075; Inf],y,p,c,h,(1.02; Inf],t,f,[-Inf;2.5],f,g,(105; Inf],[-Inf;492],+
b,[-Inf; Inf],(4.2075; Inf],u,g,w,v,(1.02; Inf],t,f,[-Inf;2.5],f,g,(105; Inf],(492; Inf],+
a,[-Inf; Inf],[-Inf;4.2075],u,g,x,h,(1.02; Inf],t,f,[-Inf;2.5],t,g,(105; Inf],(492; Inf],+
b,[-Inf; Inf],(4.2075; Inf],u,g,c,v,(1.02; Inf],t,t,(2.5; Inf],t,g,[-Inf;105],[-Inf;492],+
b,[-Inf; Inf],[-Inf;4.2075],u,g,x,v,(1.02; Inf],t,t,(2.5; Inf],t,g,(105; Inf],(492; Inf],+
b,[-Inf; Inf],(4.2075; Inf],u,g,cc,v,(1.02; Inf],t,t,(2.5; Inf],t,g,[-Inf;105],[-Inf;492],+
a,[-Inf; Inf],[-Inf;4.2075],u,g,ff,ff,[-Inf;1.02],t,t,[-Inf;2.5],f,g,(105; Inf],[-Inf;492],+
b,[-Inf; Inf],(4.2075; Inf],u,g,x,v,(1.02; Inf],t,t,[-Inf;2.5],f,g,(105; Inf],[-Inf;492],+
a,[-Inf; Inf],[-Inf;4.2075],u,g,c,v,(1.02; Inf],t,t,[-Inf;2.5],t,g,(105; Inf],[-Inf;492],+
b,[-Inf; Inf],(4.2075; Inf],u,g,c,v,(1.02; Inf],t,t,(2.5; Inf],f,g,[-Inf;105],(492; Inf],+
a,[-Inf; Inf],(4.2075; Inf],u,g,aa,v,[-Inf;1.02],t,t,[-Inf;2.5],f,g,[-Inf;105],(492; Inf],+
b,[-Inf; Inf],(4.2075; Inf],y,p,w,v,(1.02; Inf],t,t,[-Inf;2.5],t,g,[-Inf;105],[-Inf;492],+
b,[-Inf; Inf],[-Inf;4.2075],y,p,w,v,(1.02; Inf],t,t,[-Inf;2.5],t,g,(105; Inf],(492; Inf],+
a,[-Inf; Inf],[-Inf;4.2075],u,g,j,j,[-Inf;1.02],t,f,[-Inf;2.5],f,g,[-Inf;105],(492; Inf],+
a,[-Inf; Inf],[-Inf;4.2075],u,g,c,v,(1.02; Inf],t,f,[-Inf;2.5],f,g,[-Inf;105],[-Inf;492],+
b,[-Inf; Inf],[-Inf;4.2075],y,p,c,h,(1.02; Inf],t,f,[-Inf;2.5],f,g,[-Inf;105],[-Inf;492],+
b,[-Inf; Inf],(4.2075; Inf],u,g,x,v,(1.02; Inf],t,f,[-Inf;2.5],f,g,[-Inf;105],[-Inf;492],+
a,[-Inf; Inf],(4.2075; Inf],u,g,aa,v,(1.02; Inf],t,t,(2.5; Inf],f,g,[-Inf;105],[-Inf;492],+
b,[-Inf; Inf],[-Inf;4.2075],u,g,c,v,(1.02; Inf],t,t,(2.5; Inf],t,g,(105; Inf],(492; Inf],+
a,[-Inf; Inf],[-Inf;4.2075],u,g,q,v,[-Inf;1.02],t,t,(2.5; Inf],f,g,[-Inf;105],[-Inf;492],+
b,[-Inf; Inf],[-Inf;4.2075],u,g,x,v,[-Inf;1.02],t,t,(2.5; Inf],t,g,(105; Inf],[-Inf;492],+
,[-Inf; Inf],(4.2075; Inf],u,g,k,v,(1.02; Inf],t,t,[-Inf;2.5],f,g,(105; Inf],[-Inf;492],+
a,[-Inf; Inf],(4.2075; Inf],u,g,e,dd,(1.02; Inf],t,t,(2.5; Inf],t,g,[-Inf;105],(492; Inf],+
b,[-Inf; Inf],[-Inf;4.2075],u,g,m,v,(1.02; Inf],t,t,[-Inf;2.5],f,g,(105; Inf],(492; Inf],+
a,[-Inf; Inf],(4.2075; Inf],u,g,q,v,(1.02; Inf],t,t,(2.5; Inf],f,g,[-Inf;105],(492; Inf],-
a,[-Inf; Inf],[-Inf;4.2075],u,g,q,v,(1.02; Inf],t,f,[-Inf;2.5],t,g,(105; Inf],[-Inf;492],-
b,[-Inf; Inf],[-Inf;4.2075],u,g,c,v,(1.02; Inf],t,f,[-Inf;2.5],t,g,(105; Inf],[-Inf;492],-
b,[-Inf; Inf],[-Inf;4.2075],u,g,k,v,[-Inf;1.02],t,f,[-Inf;2.5],f,g,(105; Inf],[-Inf;492],-
a,[-Inf; Inf],[-Inf;4.2075],u,g,i,bb,[-Inf;1.02],t,f,[-Inf;2.5],t,g,(105; Inf],(492; Inf],-
a,[-Inf; Inf],(4.2075; Inf],u,g,k,h,(1.02; Inf],t,t,(2.5; Inf],t,g,[-Inf;105],[-Inf;492],-
b,[-Inf; Inf],(4.2075; Inf],u,g,q,h,[-Inf;1.02],t,t,[-Inf;2.5],f,g,(105; Inf],[-Inf;492],-
a,[-Inf; Inf],[-Inf;4.2075],u,g,c,h,(1.02; Inf],t,f,[-Inf;2.5],t,g,(105; Inf],[-Inf;492],-
a,[-Inf; Inf],[-Inf;4.2075],u,g,aa,h,(1.02; Inf],t,f,[-Inf;2.5],f,g,(105; Inf],[-Inf;492],-
b,[-Inf; Inf],[-Inf;4.2075],u,g,i,bb,[-Inf;1.02],t,f,[-Inf;2.5],f,g,(105; Inf],[-Inf;492],-
b,[-Inf; Inf],[-Inf;4.2075],u,g,ff,ff,[-Inf;1.02],t,f,[-Inf;2.5],f,g,(105; Inf],[-Inf;492],-
b,[-Inf; Inf],[-Inf;4.2075],u,g,aa,v,(1.02; Inf],t,f,[-Inf;2.5],t,g,(105; Inf],[-Inf;492],-
a,[-Inf; Inf],[-Inf;4.2075],y,p,ff,ff,[-Inf;1.02],t,f,[-Inf;2.5],f,g,(105; Inf],[-Inf;492],-
a,[-Inf; Inf],[-Inf;4.2075],u,g,ff,ff,[-Inf;1.02],t,f,[-Inf;2.5],f,g,[-Inf;105],[-Inf;492],-
b,[-Inf; Inf],[-Inf;4.2075],u,g,x,h,(1.02; Inf],t,f,[-Inf;2.5],t,g,(105; Inf],[-Inf;492],-
b,[-Inf; Inf],[-Inf;4.2075],u,g,w,bb,[-Inf;1.02],t,f,[-Inf;2.5],t,g,(105; Inf],[-Inf;492],-
b,[-Inf; Inf],(4.2075; Inf],u,g,,,[-Inf;1.02],t,f,[-Inf;2.5],f,g,[-Inf;105],[-Inf;492],-
b,[-Inf; Inf],[-Inf;4.2075],y,p,cc,v,(1.02; Inf],t,f,[-Inf;2.5],t,g,[-Inf;105],[-Inf;492],-
b,[-Inf; Inf],[-Inf;4.2075],u,g,i,bb,[-Inf;1.02],t,f,[-Inf;2.5],f,g,[-Inf;105],[-Inf;492],-
b,[-Inf; Inf],(4.2075; Inf],y,p,k,h,[-Inf;1.02],t,f,[-Inf;2.5],t,g,(105; Inf],[-Inf;492],-
b,[-Inf; Inf],[-Inf;4.2075],u,g,w,v,(1.02; Inf],t,f,[-Inf;2.5],t,g,(105; Inf],[-Inf;492],-
b,[-Inf; Inf],[-Inf;4.2075],y,p,i,bb,[-Inf;1.02],t,t,(2.5; Inf],t,g,(105; Inf],[-Inf;492],-
b,[-Inf; Inf],(4.2075; Inf],y,p,d,v,(1.02; Inf],t,f,[-Inf;2.5],f,s,[-Inf;105],[-Inf;492],-
b,[-Inf; Inf],[-Inf;4.2075],y,p,w,v,(1.02; Inf],t,t,(2.5; Inf],t,g,(105; Inf],[-Inf;492],-
b,[-Inf; Inf],[-Inf;4.2075],u,g,d,h,(1.02; Inf],t,t,(2.5; Inf],f,g,(105; Inf],[-Inf;492],+
b,[-Inf; Inf],[-Inf;4.2075],u,g,x,v,[-Inf;1.02],t,t,(2.5; Inf],t,g,(105; Inf],(492; Inf],+
b,[-Inf; Inf],(4.2075; Inf],u,g,m,v,(1.02; Inf],t,f,[-Inf;2.5],f,s,(105; Inf],[-Inf;492],+
b,[-Inf; Inf],(4.2075; Inf],u,g,e,z,(1.02; Inf],t,t,[-Inf;2.5],t,g,[-Inf;105],[-Inf;492],+
b,[-Inf; Inf],(4.2075; Inf],u,g,i,bb,[-Inf;1.02],t,t,(2.5; Inf],f,g,[-Inf;105],(492; Inf],+
b,[-Inf; Inf],(4.2075; Inf],u,g,r,n,(1.02; Inf],t,t,(2.5; Inf],t,g,[-Inf;105],[-Inf;492],+
b,[-Inf; Inf],[-Inf;4.2075],u,g,w,v,(1.02; Inf],t,t,(2.5; Inf],f,g,(105; Inf],(492; Inf],+
a,[-Inf; Inf],(4.2075; Inf],y,p,x,h,[-Inf;1.02],t,t,(2.5; Inf],f,g,[-Inf;105],[-Inf;492],+
b,[-Inf; Inf],(4.2075; Inf],u,g,w,v,(1.02; Inf],t,t,[-Inf;2.5],t,g,(105; Inf],[-Inf;492],+
a,[-Inf; Inf],[-Inf;4.2075],u,g,w,v,(1.02; Inf],t,t,(2.5; Inf],f,g,(105; Inf],(492; Inf],+
b,[-Inf; Inf],[-Inf;4.2075],u,g,x,h,[-Inf;1.02],t,f,[-Inf;2.5],f,g,[-Inf;105],(492; Inf],+
a,[-Inf; Inf],[-Inf;4.2075],u,g,q,h,(1.02; Inf],t,t,(2.5; Inf],t,g,(105; Inf],(492; Inf],+
a,[-Inf; Inf],(4.2075; Inf],u,g,cc,h,(1.02; Inf],t,t,(2.5; Inf],f,g,(105; Inf],[-Inf;492],+
b,[-Inf; Inf],[-Inf;4.2075],u,g,x,h,(1.02; Inf],t,f,[-Inf;2.5],f,g,[-Inf;105],(492; Inf],+
b,[-Inf; Inf],[-Inf;4.2075],u,g,c,h,(1.02; Inf],t,f,[-Inf;2.5],f,g,(105; Inf],[-Inf;492],+
b,[-Inf; Inf],(4.2075; Inf],u,g,q,h,(1.02; Inf],t,f,[-Inf;2.5],t,g,(105; Inf],[-Inf;492],+
a,[-Inf; Inf],[-Inf;4.2075],u,g,aa,v,[-Inf;1.02],t,f,[-Inf;2.5],f,g,[-Inf;105],[-Inf;492],+
b,[-Inf; Inf],(4.2075; Inf],u,g,w,h,(1.02; Inf],t,t,(2.5; Inf],t,g,(105; Inf],[-Inf;492],+
a,[-Inf; Inf],[-Inf;4.2075],u,g,x,h,[-Inf;1.02],t,f,[-Inf;2.5],f,g,(105; Inf],[-Inf;492],+
b,[-Inf; Inf],[-Inf;4.2075],y,p,c,v,[-Inf;1.02],t,t,(2.5; Inf],t,g,(105; Inf],[-Inf;492],+
a,[-Inf; Inf],[-Inf;4.2075],u,g,aa,v,[-Inf;1.02],t,t,(2.5; Inf],f,g,[-Inf;105],(492; Inf],+
b,[-Inf; Inf],[-Inf;4.2075],u,g,w,v,(1.02; Inf],t,t,(2.5; Inf],t,g,[-Inf;105],[-Inf;492],+
b,[-Inf; Inf],[-Inf;4.2075],y,p,d,v,(1.02; Inf],t,t,(2.5; Inf],t,g,(105; Inf],[-Inf;492],+
b,[-Inf; Inf],[-Inf;4.2075],y,p,x,v,[-Inf;1.02],t,t,[-Inf;2.5],t,g,(105; Inf],[-Inf;492],+
a,[-Inf; Inf],(4.2075; Inf],u,g,ff,ff,[-Inf;1.02],t,t,(2.5; Inf],t,g,[-Inf;105],(492; Inf],+
a,[-Inf; Inf],(4.2075; Inf],u,g,c,h,[-Inf;1.02],t,t,(2.5; Inf],f,g,[-Inf;105],(492; Inf],+
b,[-Inf; Inf],[-Inf;4.2075],u,g,c,v,(1.02; Inf],t,t,(2.5; Inf],f,g,[-Inf;105],(492; Inf],+
b,[-Inf; Inf],(4.2075; Inf],u,g,c,v,[-Inf;1.02],t,t,(2.5; Inf],f,g,[-Inf;105],[-Inf;492],+
b,[-Inf; Inf],(4.2075; Inf],u,g,m,v,(1.02; Inf],t,t,(2.5; Inf],t,g,(105; Inf],(492; Inf],+
b,[-Inf; Inf],[-Inf;4.2075],u,g,x,v,(1.02; Inf],t,t,(2.5; Inf],t,g,(105; Inf],(492; Inf],+
b,[-Inf; Inf],[-Inf;4.2075],u,g,e,v,[-Inf;1.02],f,t,[-Inf;2.5],f,s,(105; Inf],[-Inf;492],+
b,[-Inf; Inf],(4.2075; Inf],u,g,m,v,[-Inf;1.02],t,f,[-Inf;2.5],t,g,(105; Inf],[-Inf;492],+
b,[-Inf; Inf],(4.2075; Inf],y,p,w,h,(1.02; Inf],t,f,[-Inf;2.5],t,g,(105; Inf],[-Inf;492],+
a,[-Inf; Inf],(4.2075; Inf],y,p,e,z,[-Inf;1.02],t,f,[-Inf;2.5],f,g,[-Inf;105],(492; Inf],+
b,[-Inf; Inf],(4.2075; Inf],u,g,ff,ff,[-Inf;1.02],t,f,[-Inf;2.5],t,g,[-Inf;105],[-Inf;492],+
b,[-Inf; Inf],(4.2075; Inf],u,g,x,h,(1.02; Inf],t,t,(2.5; Inf],t,g,[-Inf;105],(492; Inf],+
b,[-Inf; Inf],(4.2075; Inf],u,g,c,v,(1.02; Inf],t,t,(2.5; Inf],f,g,[-Inf;105],[-Inf;492],+
b,[-Inf; Inf],[-Inf;4.2075],y,p,c,v,[-Inf;1.02],t,t,(2.5; Inf],t,g,(105; Inf],(492; Inf],+
b,[-Inf; Inf],[-Inf;4.2075],u,g,c,v,[-Inf;1.02],t,t,(2.5; Inf],t,g,[-Inf;105],(492; Inf],+
b,[-Inf; Inf],(4.2075; Inf],u,g,cc,v,(1.02; Inf],t,t,(2.5; Inf],f,g,(105; Inf],(492; Inf],+
b,[-Inf; Inf],[-Inf;4.2075],u,g,c,h,(1.02; Inf],t,t,(2.5; Inf],t,g,(105; Inf],[-Inf;492],+
b,[-Inf; Inf],[-Inf;4.2075],,,,,[-Inf;1.02],f,f,[-Inf;2.5],f,p,(105; Inf],[-Inf;492],+
b,[-Inf; Inf],(4.2075; Inf],u,g,w,v,[-Inf;1.02],f,f,[-Inf;2.5],t,g,(105; Inf],[-Inf;492],+
b,[-Inf; Inf],[-Inf;4.2075],u,g,k,v,[-Inf;1.02],t,f,[-Inf;2.5],t,g,(105; Inf],[-Inf;492],+
b,[-Inf; Inf],[-Inf;4.2075],u,g,c,bb,[-Inf;1.02],t,f,[-Inf;2.5],f,g,(105; Inf],[-Inf;492],+
a,[-Inf; Inf],(4.2075; Inf],u,g,aa,v,(1.02; Inf],t,t,(2.5; Inf],f,g,[-Inf;105],(492; Inf],+
,[-Inf; Inf],[-Inf;4.2075],u,g,q,v,[-Inf;1.02],f,t,[-Inf;2.5],f,g,(105; Inf],(492; Inf],+
b,[-Inf; Inf],[-Inf;4.2075],u,g,c,v,(1.02; Inf],t,t,(2.5; Inf],t,g,(105; Inf],(492; Inf],+
,[-Inf; Inf],[-Inf;4.2075],y,p,,,[-Inf;1.02],f,f,[-Inf;2.5],t,g,(105; Inf],[-Inf;492],-
b,[-Inf; Inf],[-Inf;4.2075],y,p,k,v,[-Inf;1.02],f,f,[-Inf;2.5],f,g,(105; Inf],[-Inf;492],-
b,[-Inf; Inf],[-Inf;4.2075],u,g,q,v,[-Inf;1.02],f,f,[-Inf;2.5],f,g,(105; Inf],[-Inf;492],-
b,[-Inf; Inf],[-Inf;4.2075],u,g,c,h,[-Inf;1.02],t,f,[-Inf;2.5],f,g,(105; Inf],[-Inf;492],-
a,[-Inf; Inf],[-Inf;4.2075],y,p,k,v,(1.02; Inf],f,f,[-Inf;2.5],t,g,(105; Inf],[-Inf;492],-
b,[-Inf; Inf],[-Inf;4.2075],u,g,c,v,[-Inf;1.02],f,f,[-Inf;2.5],f,g,[-Inf;105],[-Inf;492],+
b,[-Inf; Inf],[-Inf;4.2075],u,g,k,v,[-Inf;1.02],f,f,[-Inf;2.5],t,g,(105; Inf],[-Inf;492],-
b,[-Inf; Inf],[-Inf;4.2075],y,p,d,v,(1.02; Inf],f,f,[-Inf;2.5],t,g,(105; Inf],[-Inf;492],-
b,[-Inf; Inf],[-Inf;4.2075],u,g,x,bb,[-Inf;1.02],f,f,[-Inf;2.5],t,g,(105; Inf],[-Inf;492],-
b,[-Inf; Inf],[-Inf;4.2075],y,p,k,v,[-Inf;1.02],f,f,[-Inf;2.5],f,g,(105; Inf],[-Inf;492],-
b,[-Inf; Inf],[-Inf;4.2075],y,p,q,h,(1.02; Inf],f,t,[-Inf;2.5],t,g,(105; Inf],[-Inf;492],-
b,[-Inf; Inf],[-Inf;4.2075],u,g,w,v,[-Inf;1.02],f,t,[-Inf;2.5],f,g,(105; Inf],[-Inf;492],-
b,[-Inf; Inf],(4.2075; Inf],u,g,c,bb,[-Inf;1.02],f,t,[-Inf;2.5],t,g,(105; Inf],[-Inf;492],-
a,[-Inf; Inf],(4.2075; Inf],u,g,c,v,[-Inf;1.02],f,f,[-Inf;2.5],f,g,(105; Inf],[-Inf;492],-
b,[-Inf; Inf],[-Inf;4.2075],u,g,c,h,[-Inf;1.02],f,t,[-Inf;2.5],t,g,(105; Inf],[-Inf;492],-
b,[-Inf; Inf],[-Inf;4.2075],u,g,i,v,(1.02; Inf],f,t,[-Inf;2.5],t,g,(105; Inf],[-Inf;492],-
b,[-Inf; Inf],(4.2075; Inf],u,g,m,v,(1.02; Inf],f,t,[-Inf;2.5],t,g,(105; Inf],[-Inf;492],-
b,[-Inf; Inf],(4.2075; Inf],y,p,aa,v,[-Inf;1.02],t,f,[-Inf;2.5],f,g,(105; Inf],[-Inf;492],-
b,[-Inf; Inf],[-Inf;4.2075],u,g,i,v,[-Inf;1.02],f,f,[-Inf;2.5],f,g,(105; Inf],[-Inf;492],-
b,[-Inf; Inf],[-Inf;4.2075],u,g,c,j,(1.02; Inf],f,f,[-Inf;2.5],t,s,[-Inf;105],[-Inf;492],+
a,[-Inf; Inf],[-Inf;4.2075],,,,,[-Inf;1.02],f,f,[-Inf;2.5],f,p,(105; Inf],[-Inf;492],+
b,[-Inf; Inf],[-Inf;4.2075],u,g,q,v,[-Inf;1.02],f,f,[-Inf;2.5],f,g,(105; Inf],[-Inf;492],-
b,[-Inf; Inf],[-Inf;4.2075],y,p,cc,v,[-Inf;1.02],f,f,[-Inf;2.5],f,g,(105; Inf],[-Inf;492],-
b,[-Inf; Inf],(4.2075; Inf],u,g,c,v,(1.02; Inf],f,f,[-Inf;2.5],f,s,[-Inf;105],[-Inf;492],-
b,[-Inf; Inf],(4.2075; Inf],y,p,i,bb,[-Inf;1.02],f,f,[-Inf;2.5],t,g,(105; Inf],[-Inf;492],-
b,[-Inf; Inf],[-Inf;4.2075],u,g,ff,ff,[-Inf;1.02],f,f,[-Inf;2.5],f,g,[-Inf;105],(492; Inf],-
a,[-Inf; Inf],[-Inf;4.2075],u,g,w,v,(1.02; Inf],f,f,[-Inf;2.5],f,g,(105; Inf],[-Inf;492],-
a,[-Inf; Inf],[-Inf;4.2075],u,g,q,v,[-Inf;1.02],f,f,[-Inf;2.5],t,g,(105; Inf],(492; Inf],-
a,[-Inf; Inf],[-Inf;4.2075],u,g,m,h,[-Inf;1.02],f,t,[-Inf;2.5],t,g,(105; Inf],[-Inf;492],-
a,[-Inf; Inf],[-Inf;4.2075],u,g,ff,ff,[-Inf;1.02],f,f,[-Inf;2.5],f,g,[-Inf;105],[-Inf;492],-
a,[-Inf; Inf],[-Inf;4.2075],u,g,w,v,[-Inf;1.02],f,t,[-Inf;2.5],t,g,(105; Inf],[-Inf;492],-
b,[-Inf; Inf],[-Inf;4.2075],u,g,c,n,[-Inf;1.02],f,t,[-Inf;2.5],t,g,(105; Inf],(492; Inf],-
b,[-Inf; Inf],[-Inf;4.2075],y,p,m,v,[-Inf;1.02],f,f,[-Inf;2.5],t,g,(105; Inf],[-Inf;492],-
b,[-Inf; Inf],(4.2075; Inf],u,g,aa,v,[-Inf;1.02],f,f,[-Inf;2.5],f,g,[-Inf;105],[-Inf;492],-
b,[-Inf; Inf],[-Inf;4.2075],u,g,aa,v,[-Inf;1.02],f,f,[-Inf;2.5],t,g,[-Inf;105],[-Inf;492],-
b,[-Inf; Inf],[-Inf;4.2075],u,g,k,v,(1.02; Inf],f,f,[-Inf;2.5],t,g,(105; Inf],[-Inf;492],-
,[-Inf; Inf],[-Inf;4.2075],y,p,cc,v,(1.02; Inf],f,f,[-Inf;2.5],t,g,(105; Inf],[-Inf;492],-
b,[-Inf; Inf],[-Inf;4.2075],y,p,aa,v,(1.02; Inf],f,f,[-Inf;2.5],t,g,(105; Inf],[-Inf;492],-
a,[-Inf; Inf],(4.2075; Inf],u,g,aa,h,(1.02; Inf],f,f,[-Inf;2.5],f,g,[-Inf;105],[-Inf;492],-
b,[-Inf; Inf],[-Inf;4.2075],y,p,w,v,[-Inf;1.02],f,f,[-Inf;2.5],t,g,(105; Inf],[-Inf;492],-
b,[-Inf; Inf],[-Inf;4.2075],u,g,cc,v,[-Inf;1.02],f,f,[-Inf;2.5],t,g,[-Inf;105],(492; Inf],-
a,[-Inf; Inf],(4.2075; Inf],u,g,c,v,[-Inf;1.02],f,f,[-Inf;2.5],f,g,[-Inf;105],[-Inf;492],-
b,[-Inf; Inf],(4.2075; Inf],u,g,aa,v,[-Inf;1.02],f,f,[-Inf;2.5],t,g,[-Inf;105],[-Inf;492],-
b,[-Inf; Inf],[-Inf;4.2075],u,g,k,h,(1.02; Inf],f,f,[-Inf;2.5],t,g,(105; Inf],[-Inf;492],-
a,[-Inf; Inf],[-Inf;4.2075],u,g,ff,ff,[-Inf;1.02],f,t,(2.5; Inf],f,g,[-Inf;105],[-Inf;492],-
b,[-Inf; Inf],[-Inf;4.2075],u,g,i,bb,[-Inf;1.02],f,f,[-Inf;2.5],f,g,[-Inf;105],[-Inf;492],-
a,[-Inf; Inf],(4.2075; Inf],u,g,q,v,[-Inf;1.02],f,t,[-Inf;2.5],t,g,[-Inf;105],[-Inf;492],-
a,[-Inf; Inf],[-Inf;4.2075],u,g,q,v,[-Inf;1.02],f,t,[-Inf;2.5],t,g,(105; Inf],[-Inf;492],-
a,[-Inf; Inf],(4.2075; Inf],y,p,ff,ff,[-Inf;1.02],f,f,[-Inf;2.5],f,g,[-Inf;105],[-Inf;492],-
b,[-Inf; Inf],[-Inf;4.2075],u,g,c,h,(1.02; Inf],f,t,[-Inf;2.5],t,g,(105; Inf],[-Inf;492],-
a,[-Inf; Inf],[-Inf;4.2075],u,g,aa,v,[-Inf;1.02],f,f,[-Inf;2.5],f,g,[-Inf;105],[-Inf;492],-
a,[-Inf; Inf],[-Inf;4.2075],u,g,c,v,[-Inf;1.02],f,f,[-Inf;2.5],f,g,(105; Inf],[-Inf;492],-
a,[-Inf; Inf],[-Inf;4.2075],u,g,c,v,[-Inf;1.02],f,t,[-Inf;2.5],t,g,[-Inf;105],[-Inf;492],-
b,[-Inf; Inf],(4.2075; Inf],u,g,aa,v,[-Inf;1.02],f,f,[-Inf;2.5],f,g,[-Inf;105],[-Inf;492],-
b,[-Inf; Inf],[-Inf;4.2075],u,g,c,v,[-Inf;1.02],f,f,[-Inf;2.5],f,g,(105; Inf],[-Inf;492],-
a,[-Inf; Inf],[-Inf;4.2075],u,g,w,v,[-Inf;1.02],f,f,[-Inf;2.5],t,g,(105; Inf],[-Inf;492],-
b,[-Inf; Inf],[-Inf;4.2075],y,p,cc,v,(1.02; Inf],f,f,[-Inf;2.5],t,g,(105; Inf],[-Inf;492],-
b,[-Inf; Inf],[-Inf;4.2075],y,p,w,v,[-Inf;1.02],f,f,[-Inf;2.5],f,s,(105; Inf],[-Inf;492],-
b,[-Inf; Inf],[-Inf;4.2075],y,p,m,v,[-Inf;1.02],f,f,[-Inf;2.5],f,g,[-Inf;105],[-Inf;492],-
a,[-Inf; Inf],(4.2075; Inf],u,g,c,v,[-Inf;1.02],f,f,[-Inf;2.5],t,g,(105; Inf],[-Inf;492],-
a,[-Inf; Inf],[-Inf;4.2075],u,g,c,v,(1.02; Inf],f,t,[-Inf;2.5],t,g,[-Inf;105],[-Inf;492],-
b,[-Inf; Inf],[-Inf;4.2075],u,g,d,h,[-Inf;1.02],f,f,[-Inf;2.5],t,s,(105; Inf],[-Inf;492],-
b,[-Inf; Inf],[-Inf;4.2075],y,p,ff,ff,(1.02; Inf],f,f,[-Inf;2.5],f,g,(105; Inf],[-Inf;492],-
b,[-Inf; Inf],(4.2075; Inf],u,g,cc,v,[-Inf;1.02],f,f,[-Inf;2.5],f,g,[-Inf;105],[-Inf;492],-
a,[-Inf; Inf],[-Inf;4.2075],u,g,aa,v,[-Inf;1.02],f,f,[-Inf;2.5],t,g,(105; Inf],[-Inf;492],-
,[-Inf; Inf],[-Inf;4.2075],y,p,e,h,(1.02; Inf],f,f,[-Inf;2.5],f,g,(105; Inf],[-Inf;492],-
a,[-Inf; Inf],[-Inf;4.2075],u,g,i,h,[-Inf;1.02],f,f,[-Inf;2.5],f,g,(105; Inf],[-Inf;492],-
a,[-Inf; Inf],[-Inf;4.2075],u,g,aa,v,[-Inf;1.02],f,f,[-Inf;2.5],f,g,(105; Inf],[-Inf;492],-
a,[-Inf; Inf],(4.2075; Inf],u,g,q,h,[-Inf;1.02],f,t,(2.5; Inf],t,g,(105; Inf],[-Inf;492],-
b,[-Inf; Inf],(4.2075; Inf],u,g,m,v,[-Inf;1.02],f,t,[-Inf;2.5],f,g,[-Inf;105],[-Inf;492],-
a,[-Inf; Inf],(4.2075; Inf],u,g,ff,ff,[-Inf;1.02],f,f,[-Inf;2.5],f,g,[-Inf;105],[-Inf;492],-
b,[-Inf; Inf],[-Inf;4.2075],u,g,k,v,[-Inf;1.02],f,f,[-Inf;2.5],f,g,(105; Inf],[-Inf;492],-
b,[-Inf; Inf],[-Inf;4.2075],y,p,d,h,(1.02; Inf],f,f,[-Inf;2.5],f,g,(105; Inf],(492; Inf],-
b,[-Inf; Inf],[-Inf;4.2075],y,p,d,v,[-Inf;1.02],f,f,[-Inf;2.5],f,g,(105; Inf],[-Inf;492],-
b,[-Inf; Inf],[-Inf;4.2075],u,g,m,v,(1.02; Inf],f,f,[-Inf;2.5],t,s,(105; Inf],[-Inf;492],-
b,[-Inf; Inf],(4.2075; Inf],y,p,e,h,(1.02; Inf],f,f,[-Inf;2.5],f,g,(105; Inf],[-Inf;492],-
a,[-Inf; Inf],[-Inf;4.2075],u,g,c,v,(1.02; Inf],f,t,[-Inf;2.5],t,g,(105; Inf],[-Inf;492],-
a,[-Inf; Inf],(4.2075; Inf],y,p,ff,ff,(1.02; Inf],f,t,[-Inf;2.5],t,g,(105; Inf],[-Inf;492],-
b,[-Inf; Inf],[-Inf;4.2075],u,g,aa,v,[-Inf;1.02],f,f,[-Inf;2.5],f,g,(105; Inf],(492; Inf],-
b,[-Inf; Inf],[-Inf;4.2075],u,g,c,h,(1.02; Inf],f,f,[-Inf;2.5],t,g,[-Inf;105],[-Inf;492],-
